Processo,Status,Account Responsável,Cliente,Exportador,Importador,Tipo,Modalidade,Incoterm,Data do follow,Follow,Local de embarque,Booking,Transportador,Navio,Dead Draft,Dead Draft Confirmado,Dead Carga,Dead Carga Confirmada,Dead VGM,VGM Confirmado,Data Liberação Da DUE,Previsão de embarque,Data de embarque,Envio de documentos,LPCO,Data de Registro DUE,DUE,Data averbação,Prev. Transbordo,Chegada Transbordo,Liberado p/ faturamento,Liberado p/ faturamento,Data de faturamento
2643/26,Ag.Instruções,Felipe Marcellino,SENHA FARINHA E OLEO LTDA,SENHA FARINHA E OLEO LTDA,BUSINESS TRADERS GROUP SP. Z.O.O.,Frete,OCEANFREIGHT / FCL,CIP,23/04/2026,"Aguardando dados de container, draft e vgm",,EBKG16539345,MSC DO BRASIL LTDA.,MSC PALAK,26/06/2026 18:00,,29/06/2026 12:00,,26/06/2026,,,02/07/2026,,,,,,,04/09/2026,,,,
2586/26,Ag.Instruções,Sumaia Schneider,QUALICAFEX LTDA,QUALICAFEX LTDA,"ATAKA TRADING CO., LTD.",Frete,OCEANFREIGHT / LCL,FOB,24/04/2026,Aguardamos instruções de embarque.,,SSZYOK2605001,não selecionada,SAO PAULO EXPRESS,13/05/2026 11:00,,13/05/2026 11:00,,,,,24/05/2026,,,,,,,03/07/2026,,,,
2882/26,Ag.Instruções,Jessica Oliveira,PACIFIL BRASIL,"PACIFIL BRASIL- INDUSTRIA , COMERCIO, IMPORTACAO E EXPORTACAO DE SILOS PLASTICOS LTDA",WINLIN AB,Frete + Documentos + Desembaraço,OCEANFREIGHT / FCL,CFR,24/04/2026,Booking enviado ao cliente nesta data.,Rio Grande,269883732,MAERSK,SAN MARCO MAERSK,08/05/2026 12:00,,11/05/2026 12:00,,08/05/2026,,,13/05/2026,,,,,,,23/06/2026,,,,
2903/26,Ag.Instruções,Eliane Lemes Bielefeld,INNOVA,VIDEOLAR-INNOVA S/A,BRISCO PLASTICS AND CHEMICALS LLC,Desembaraço,OCEANFREIGHT / FCL,CIF,24/04/2026,"Fatura, packing list e booking recebidos do exportador nesta data.",Rio Grande,270082223,MAERSK LINE A/S,MAERSK FRANKFURT,08/05/2026 12:00,,11/05/2026 12:00,,11/05/2026,,,13/05/2026,,,,,,,04/06/2026,,,,
2927/26,Ag.Instruções,Eliane Lemes Bielefeld,SETA,SETA SA EXTRATIVA TANINO DE ACACIA,BAECK GMBH & CO KG,Desembaraço,OCEANFREIGHT / FCL,,24/04/2026,Aguardamos o envio dos documentos pelo exportador.,Rio Grande,268541968,MAERSK LINE A/S,SAN MARCO MAERSK,08/05/2026 12:00,,11/05/2026 12:00,,11/05/2026,,,13/05/2026,,,,,,,13/06/2026,,,,
2756/26,Ag.Instruções,Eliane Lemes Bielefeld,INNOVA,VIDEOLAR-INNOVA S/A,KIC SA (PTY) LTD,Desembaraço,OCEANFREIGHT / FCL,FOB,24/04/2026,Aguardamos os dados do container e NF de exportação.,Rio Grande,241ISZ2558641 // 1073 631 578,KUEHNE NAGEL SER LOG LTDA POAEHNE,MSC BIANCA,07/05/2026 18:00,,11/05/2026 12:00,,07/05/2026,,,14/05/2026,,,,,,,,,,,
2640/26,Ag.Instruções,Roberta Rosa,TECBRIL INDUSTRIA E COMERCIO DE TINTAS LTDA,TECBRIL INDUSTRIA E COMERCIO DE TINTAS LTDA,FABRICA DE MUEBLES CESMAR S.A.S.,Frete + Documentos + Desembaraço,OCEANFREIGHT / FCL,CIF,24/04/2026,Estufagem prevista para o dia 06/05 ou 07/05. a definir,,47682092,HAPAG-LLOYD BRAZIL,MSC PHOENIX,07/05/2026 12:00,,08/05/2026 17:00,,08/05/2026,,,11/05/2026,,,,,,,07/06/2026,,,,
2916/26,Ag.Instruções,Eliane Lemes Bielefeld,SETA,SETA SA EXTRATIVA TANINO DE ACACIA,,Desembaraço,OCEANFREIGHT / FCL,,24/04/2026,Aguardamos o envio dos documentos pelo exportador.,Rio Grande,EBKG16590238,MSC MEDITERRANEAN,XIAMEN EXPRESS,06/05/2026 18:00,,07/05/2026 18:00,,07/05/2026,,,10/05/2026,,,,,,,,,,,
2919/26,Ag.Instruções,Eliane Lemes Bielefeld,SETA,SETA SA EXTRATIVA TANINO DE ACACIA,,Desembaraço,OCEANFREIGHT / FCL,,24/04/2026,Aguardamos o envio dos documentos pelo exportador.,Rio Grande,EBKG16656025,MSC MEDITERRANEAN,XIAMEN EXPRESS,06/05/2026 18:00,,07/05/2026 18:00,,07/05/2026,,,10/05/2026,,,,,,,,,,,
2924/26,Ag.Instruções,Eliane Lemes Bielefeld,SETA,SETA SA EXTRATIVA TANINO DE ACACIA,,Desembaraço,OCEANFREIGHT / FCL,,24/04/2026,Aguardamos o envio dos documentos pelo exportador.,Rio Grande,93899027,HAPAG LLOYD AKTIENGESELLSCHATT,MSC AINO,06/05/2026 18:00,,08/05/2026 12:00,,08/05/2026,,,11/05/2026,,,,,,,26/06/2026,,,,
2604/26,Ag.Instruções,Jessica Oliveira,PACIFIL BRASIL,"PACIFIL BRASIL- INDUSTRIA , COMERCIO, IMPORTACAO E EXPORTACAO DE SILOS PLASTICOS LTDA",SILOBAG SOLUTIONS PTY LTD,Frete + Documentos + Desembaraço,OCEANFREIGHT / FCL,CIF,14/04/2026,Booking enviado ao cliente,Itapoá,269393739,MAERSK,MAERSK GANGES,06/05/2026 12:00,,08/05/2026 17:00,,06/05/2026,,,11/05/2026,,,,,,,06/07/2026,,,,
2605/26,Ag.Instruções,Jessica Oliveira,PACIFIL BRASIL,"PACIFIL BRASIL- INDUSTRIA , COMERCIO, IMPORTACAO E EXPORTACAO DE SILOS PLASTICOS LTDA",SILOBAG SOLUTIONS PTY LTD,Frete + Documentos + Desembaraço,OCEANFREIGHT / FCL,CIF,14/04/2026,Booking enviado ao cliente,Itapoá,269393785,MAERSK,MAERSK GANGES,06/05/2026 12:00,,08/05/2026 17:00,,06/05/2026,,,11/05/2026,,,,,,,07/07/2026,,,,
2904/26,Ag.Instruções,Jessica Oliveira,POLO FILMS,POLO FILMS INDUSTRIA E COMERCIO S/A,ALICO S.A.S B.I.C.,Desembaraço,OCEANFREIGHT / FCL,CFR,24/04/2026,Booking recebido do cliente,,90803942 / ADME267066,AD SHIPPING,MSC PHOENIX,06/05/2026 12:00,,08/05/2026 17:00,,06/05/2026,,,11/05/2026,,,,,,,31/05/2026,,,,
2905/26,Ag.Instruções,Jessica Oliveira,POLO FILMS,POLO FILMS INDUSTRIA E COMERCIO S/A,Cintas Andinas de Colombia S.A,Desembaraço,OCEANFREIGHT / FCL,CFR,24/04/2026,Booking recebido do cliente,Rio Grande,ADME267065 / 31222243,AD SHIPPING,MSC PHOENIX,06/05/2026 12:00,,08/05/2026 17:00,,06/05/2026,,,11/05/2026,,,,,,,30/05/2026,,,,
2675/26,Ag.Instruções,Eliane Lemes Bielefeld,SETA,SETA SA EXTRATIVA TANINO DE ACACIA,,Desembaraço,OCEANFREIGHT / FCL,,24/04/2026,Continuamos no aguardo do envio dos documentos pelo exportador.,,31440229,HAPAG LLOYD AKTIENGESELLSCHATT,XIAMEN EXPRESS,05/05/2026 12:00,,08/05/2026 12:00,,08/05/2026,,,10/05/2026,,,,,,,12/06/2026,,,,
2648/26,Ag.Instruções,Felipe Marcellino,FAROS INDUSTRIA DE FARINHA DE OSSOS LTDA,FAROS INDUSTRIA DE FARINHA DE OSSOS LTDA,BUSINESS TRADERS GROUP SP. Z.O.O.,Frete,OCEANFREIGHT / FCL,CIP,23/04/2026,"Aguardando dados de container, draft e vgm",,EBKG16542205,MSC DO BRASIL LTDA.,MSC JUDITH,02/05/2026 12:00,,05/05/2026 12:00,,02/05/2026,,,09/05/2026,,,,,,,12/07/2026,,,,
2865/26,Ag.Instruções,Sumaia Schneider,DOCILE ALIMENTOS LTDA,DOCILE ALIMENTOS LTDA,não selecionada,Documentos + Desembaraço,OCEANFREIGHT / FCL,FOB,23/04/2026,Previsão de levante está para 27/04.,,12810375,TLD GLOBAL SHIPPING AGENCIAMENTO DE CARGAS,MAERSK ACADIA,30/04/2026 12:00,,05/05/2026 18:00,,30/04/2026,,,08/05/2026,,,,,,,,,,,
2866/26,Ag.Instruções,Sumaia Schneider,DOCILE ALIMENTOS LTDA,DOCILE ALIMENTOS LTDA,não selecionada,Documentos + Desembaraço,OCEANFREIGHT / FCL,FOB,23/04/2026,Previsão de levante está para 28/04.,,27482273,TLD GLOBAL SHIPPING AGENCIAMENTO DE CARGAS,MAERSK ACADIA,30/04/2026 12:00,,05/05/2026 18:00,,30/04/2026,,,08/05/2026,,,,,,,21/05/2026,,,,
2822/26,Ag.Instruções,Roberta Rosa,BEIRA RIO,CALCADOS BEIRA RIO S/A - EXPORTAÇÃO,STUDIO MIX GROUP,Documentos + Desembaraço,OCEANFREIGHT / FCL,FOB,23/04/2026,Aguardando programação de carregamento,,269621866,ROYAL CARGO DO BRASIL,MAERSK PANGANI,30/04/2026 09:00,,04/05/2026 12:00,,30/04/2026,,,07/05/2026,,,,,,,30/05/2026,,,,
2755/26,Ag.Instruções,Eliane Lemes Bielefeld,INNOVA,VIDEOLAR-INNOVA S/A,KIC SA (PTY) LTD,Desembaraço,OCEANFREIGHT / FCL,FOB,24/04/2026,Aguardamos os dados do container e NF de exportação.,Rio Grande,241ISZ2558639 // 1073 631 438,KUEHNE NAGEL SER LOG LTDA POAEHNE,MSC JUDITH,29/04/2026 18:00,,04/05/2026 12:00,,29/04/2026,,,07/05/2026,,,,,,,,,,,
2783/26,Ag.Instruções,Eliane Lemes Bielefeld,INNOVA,VIDEOLAR-INNOVA S/A,SWARTLAND INSULATION (PTY) LTD - VAT: 4060288067,Desembaraço,OCEANFREIGHT / FCL,CFR,24/04/2026,Aguardamos os dados dos containers e NFs de exportação.,Itajaí (Porto),22278344,HAPAG LLOYD AKTIENGESELLSCHATT,CAPE ALTIUS,29/04/2026 18:00,,02/05/2026 12:00,,30/04/2026,,,04/05/2026,,,,,,,06/06/2026,,,,
2785/26,Ag.Instruções,Eliane Lemes Bielefeld,INNOVA,VIDEOLAR-INNOVA S/A,SWARTLAND INSULATION (PTY) LTD - VAT: 4060288067,Desembaraço,OCEANFREIGHT / FCL,CFR,24/04/2026,Aguardamos os dados dos containers e NFs de exportação.,Itajaí (Porto),10229724,HAPAG LLOYD AKTIENGESELLSCHATT,CAPE ALTIUS,29/04/2026 18:00,,02/05/2026 12:00,,30/04/2026,,,04/05/2026,,,,,,,19/05/2026,,,,
2411/26,Ag.Instruções,Elizandra Moraes,RTN - TRATAMENTO DE MADEIRA LTDA,RTN - TRATAMENTO DE MADEIRA LTDA,NATIONAL TELECOM S.A (NATCOM),Frete + Documentos + Desembaraço,OCEANFREIGHT / FCL,FOB,22/04/2026,5/10 containers coletados nesta data.,Rio Grande,EBKG16446233,MSC DO BRASIL LTDA.,MSC INIYA V,29/04/2026 12:00,,30/04/2026 12:00,,28/04/2026,,,03/05/2026,,,"E2600207730 ",,,,23/06/2026,,,,
2644/26,Ag.Instruções,Eliane Lemes Bielefeld,SETA,SETA SA EXTRATIVA TANINO DE ACACIA,"ZEAL (SHIJIAZHUANG) TRADING CO., LTD",Desembaraço,OCEANFREIGHT / FCL,,24/04/2026,Continuamos no aguardo do envio dos documentos pelo exportador.,Rio Grande,12206619,HAPAG LLOYD AKTIENGESELLSCHATT,ONE SYNERGY,29/04/2026 12:00,,30/04/2026 12:00,,30/04/2026,,,03/05/2026,,,,,,,19/06/2026,,,,
2715/26,Ag.Instruções,Eliane Lemes Bielefeld,SETA,SETA SA EXTRATIVA TANINO DE ACACIA,,Desembaraço,OCEANFREIGHT / FCL,,24/04/2026,Continuamos no aguardo do envio dos documentos pelo exportador.,Rio Grande,26983958,,ONE SYNERGY,29/04/2026 12:00,,30/04/2026 12:00,,30/04/2026,,,03/05/2026,,,,,,,20/06/2026,,,,
2863/26,Ag.Instruções,Sumaia Schneider,DOCILE ALIMENTOS LTDA,DOCILE ALIMENTOS LTDA,não selecionada,Documentos + Desembaraço,OCEANFREIGHT / FCL,FOB,23/04/2026,Previsão de carregamento para 29/04.,,269696135,KUEHNE+NAGEL SERVICOS LOGISTICOS LTDA.,MAERSK LONDRINA,29/04/2026 12:00,,04/05/2026 18:00,,29/04/2026,,,06/05/2026,,,,,,,26/06/2026,,,,
2003/26,Ag.Instruções,Jessica Oliveira,SGS POLIMEROS LTDA,SGS POLIMEROS LTDA,PPG INDUSTRIES COLOMBIA LTDA.,Documentos + Desembaraço,OCEANFREIGHT / FCL,EXW,15/04/2026,"COD aprovado, emitido e enviado nesta data.",Rio Grande,,DC LOGISTICS BRASIL - ITAJAI,COSTA RICA EXPRESS,28/04/2026 18:00,,02/05/2026 12:00,,28/04/2026,,,04/05/2026,,,,,,,22/05/2026,,,,
2799/26,Ag.Instruções,Sumaia Schneider,DOCILE ALIMENTOS LTDA,DOCILE ALIMENTOS LTDA,CEJ DISTRIBUTORS LTD,Desembaraço,OCEANFREIGHT / FCL,FOB,22/04/2026,Previsão de levante está para 28/04.,Santos,241ISZ2565872,ALLOG GROUP,MSC INIYA V,28/04/2026 17:30,,30/04/2026 12:00,,28/04/2026,,,03/05/2026,,,,,,,,,,,
2610/26,Ag.Instruções,Sumaia Schneider,DOCILE ALIMENTOS LTDA,DOCILE ALIMENTOS LTDA,CREATIVE SWEETS DISTRIBUTORS JHB CC,Frete,OCEANFREIGHT / FCL,FOB,24/04/2026,Aguardamos envio das instruções.,,269391691,MAERSK A/S - DK,CAPE ALTIUS,28/04/2026 12:00,,30/04/2026 18:00,,28/04/2026,,,04/05/2026,,,,,,,30/05/2026,,,,
2611/26,Ag.Instruções,Sumaia Schneider,DOCILE ALIMENTOS LTDA,DOCILE ALIMENTOS LTDA,CREATIVE SWEETS DISTRIBUTORS JHB CC,Frete,OCEANFREIGHT / FCL,FOB,24/04/2026,Aguardamos envio das instruções.,,269391772,MAERSK A/S - DK,CAPE ALTIUS,28/04/2026 12:00,,30/04/2026 18:00,,28/04/2026,,,04/05/2026,,,,,,,30/05/2026,,,,
2619/26,Ag.Instruções,Sumaia Schneider,ARAGUAIA,ARAGUAIA INDUSTRIA DE OLEOS E PROTEINAS S.A.,AVICOLA EL MADRONO S.A,Desembaraço,OCEANFREIGHT / FCL,CIP,23/04/2026,AEs enviadas nesta data por email.,Porto Organizado de Vila do Conde,SAOG20324600,ONE - OCEAN NETWORK EXPRESS,LORRAINE,28/04/2026 12:00,,04/05/2026 17:00,,28/04/2026,,,07/05/2026,,,,,,,13/05/2026,,,,
2639/26,Ag.Instruções,Sumaia Schneider,ARAGUAIA,ARAGUAIA INDUSTRIA DE OLEOS E PROTEINAS S.A.,AVICOLA EL MADRONO S.A,Desembaraço,OCEANFREIGHT / FCL,CIP,23/04/2026,AEs recebidas.,,SAOG20260500,ONE - OCEAN NETWORK EXPRESS,LORRAINE,28/04/2026 12:00,,04/05/2026 17:00,,28/04/2026,,,07/05/2026,,,,,,,13/05/2026,,,,
2647/26,Ag.Instruções,Sumaia Schneider,ARAGUAIA,ARAGUAIA INDUSTRIA DE OLEOS E PROTEINAS S.A.,AVICOLA EL MADRONO S.A,Desembaraço,OCEANFREIGHT / FCL,CIP,23/04/2026,AEs enviadas nesta data por email.,Porto Organizado de Vila do Conde,SAOG20284400,ONE - OCEAN NETWORK EXPRESS,LORRAINE,28/04/2026 12:00,,04/05/2026 17:00,,28/04/2026,,,07/05/2026,,,,,,,13/05/2026,,,,
2673/26,Ag.Instruções,Felipe Marcellino,TK ELEVADORES BRASIL LTDA,TK ELEVADORES BRASIL LTDA,não selecionada,Frete,OCEANFREIGHT / FCL,CFR,24/04/2026,Concedido extensão de draft para 27/04 as 16h,,241ISZ2560674,CRAFT (SANTOS) 0002-10,COSTA RICA EXPRESS,28/04/2026 12:00,,02/05/2026 12:00,,28/04/2026,,,04/05/2026,,,,,,,27/05/2026,,,,
2837/26,Ag.Instruções,Sumaia Schneider,ARAGUAIA,ARAGUAIA INDUSTRIA DE OLEOS E PROTEINAS S.A.,ITALCOL S.A,Desembaraço,OCEANFREIGHT / FCL,CIP,23/04/2026,Previsão de estufagem está para 28/04.,,"SAOG21856300 ",ONE - OCEAN NETWORK EXPRESS,LORRAINE,28/04/2026 12:00,,04/05/2026 17:00,,28/04/2026,,,07/05/2026,,,,,,,13/05/2026,,,,
2915/26,Ag.Instruções,Sumaia Schneider,DOCILE ALIMENTOS LTDA,DOCILE ALIMENTOS LTDA,BIZLINE LTD,Documentos + Desembaraço,OCEANFREIGHT / FCL,FOB,24/04/2026,Previsão de levante está para 27/04.,,SAOG23670600,ALLOG TRANSPORTES INTERNACIONAIS LTDA.,ONE SYNERGY,27/04/2026 17:30,,30/04/2026 12:00,,27/04/2026,,,03/05/2026,,,,,,,,,,,
2516/26,Ag.Instruções,Roberta Rosa,TECBRIL INDUSTRIA E COMERCIO DE TINTAS LTDA,TECBRIL INDUSTRIA E COMERCIO DE TINTAS LTDA,GRAPHTEC S.A.S,Documentos + Desembaraço,AIRFREIGHT,FCA,24/04/2026,"De acordo com a cia aérea, embarque alterado, previsto para hoje.",Guarulhos,,QUANTUM LOGÍSTICA LTDA,,23/04/2026 10:00,,22/04/2026 10:00,,,,22/04/2026,23/04/2026,23/04/2026,,,17/04/2026,26BR0006852724,,,,,,
6475/25,Ag.Instruções,Elizandra Moraes,FASTFOWARDTHINKING CONSULTORIA LTDA,WINNING TRADING S.A.,"XIAMEN C&D COMMODITY TRADING CO.,LTD",Trading,OCEANFREIGHT / FCL,CPT,15/04/2026,Remessa UPS entregue na BUREAU VERITAS no Chile em 13/04.,Pecem,,CMA CGM DO BRASIL AGENCIA MARITIMA LTDA,,,,,,,,,,,,,,,,,,,,
1418/26,Ag.Instruções,Felipe Marcellino,FAROS INDUSTRIA DE FARINHA DE OSSOS LTDA,FAROS INDUSTRIA DE FARINHA DE OSSOS LTDA,ASIA POULTRY FEEDS PVT LTD,Frete,OCEANFREIGHT / FCL,CFR,24/04/2026,Embarque cancelado pelo exportador.,,EBKG15966871,MSC DO BRASIL LTDA.,MSC PETRA,,,,,,,,,,,,,,,12/05/2026,,24/04/2026,24/04/2026,
1677/26,Ag.Instruções,Felipe Marcellino,FAROS INDUSTRIA DE FARINHA DE OSSOS LTDA,FAROS INDUSTRIA DE FARINHA DE OSSOS LTDA,FIVE STARS FEEDS,Frete,OCEANFREIGHT / FCL,CIP,17/03/2026,Booking CANCELADO devido conlfito no ORIENTE MÉDIO,,EBKG16069517,MSC DO BRASIL LTDA.,MSC ELODIE,,,,,,,,,,,,,,,05/06/2026,,,,
2691/26,Ag.Instruções,Roberta Rosa,BEIRA RIO,CALCADOS BEIRA RIO S/A - EXPORTAÇÃO,STUDIO MIX GROUP,Documentos + Desembaraço,OCEANFREIGHT / FCL,FOB,24/04/2026,Aguardando confirmação de booking e programação de embarque,Itapoá,,ROYAL CARGO DO BRASIL,,,,,,,,,,,,,,,,24/04/2026,,,,
10436/24,Ag.Instruções,Morysson Teofilo,GAR-RS,GAR INDUSTRIA E COMERCIO LTDA,ENGINEERING UND SOLUTIONZ PVT. LTD.,Frete,COURIER,CFR,19/11/2024,O prazo para envio da cobrança do imposto é de até 365 dias.,Viracopos,,UPS AIR CARGO,,,,,,,,,15/07/2024,20/07/2024,,,,,,07/08/2024,07/08/2024,24/07/2024,24/07/2024,24/07/2024
14028/24,Ag.Instruções,Morysson Teofilo,"ENVASES SUL INDUSTRIA, COMERCIO DE EMBALAGENS LTDA","ENVASES SUL INDUSTRIA, COMERCIO DE EMBALAGENS LTDA",Indústria Nacional de Refrigerantes - FEMSA,Frete + Documentos + Desembaraço,COURIER,DDP,18/02/2025,"Devido ao incoterm ser DDP, aguardamos custos do destino relevativo à importação para faturar esta despesa.",zzz,,UPS AIR CARGO,,,,,,,,10/01/2025,09/01/2025,09/01/2025,,,09/01/2025,25BR0000348161,11/01/2025,14/01/2025,14/01/2025,15/01/2025,15/01/2025,15/01/2025
4815/25,Ag.Instruções,Liliane Maus,WINNING (RO),WINNING TRADING S.A.,não selecionada,Documentos,OCEANFREIGHT / FCL,CIF,,,,,MSC DO BRASIL LTDA.,,,,,,,,,,,,,,,,,,,,
5908/25,Ag.Instruções,Roberta Rosa,THERMO STAR,THERMO STAR EQUIPAMENTOS LTDA,FRANCISCO JOSE RODRIGUEZ,Desembaraço,RODOVIÁRIO,EXW,23/04/2026,Aguardando programação de carregamento,Uruguaiana.,,TRANSAGRILO,,,,,,,,,,,,,,,,,,,,
699/26,Ag.Instruções,Jessica Oliveira,HENRICH E CIA LTDA.,HENRICH E CIA LTDA.,NUNO MONTEIRO,Frete,COURIER,CPT,08/04/2026,"Mercadoria em armazem em MAIA, PORTUGAL no dia 07/04.",Porto Alegre.,,UPS AIR CARGO,,,,,,,,,27/01/2026,27/01/2026,27/01/2026,,,,,06/02/2026,,29/01/2026,29/01/2026,30/01/2026
1113/26,Ag.Instruções,Felipe Marcellino,H&J TRADE IMPORTACAO E EXPORTACAO LTDA.,INFINITY GOODS DISTRIBUIDORA LTDA,SUDIMA INTERNATIONAL PTE LTD,Trading + Documentos + Desembaraço,OCEANFREIGHT / LCL,FOB,,,,,GRIFO MARINE AGENCIAMENTO MARITIMO,,,,,,,,,,,,,,,,,,,,
1114/26,Ag.Instruções,Felipe Marcellino,H&J TRADE IMPORTACAO E EXPORTACAO LTDA.,INFINITY GOODS DISTRIBUIDORA LTDA,SUDIMA INTERNATIONAL PTE LTD,Trading + Documentos + Desembaraço,OCEANFREIGHT / LCL,FOB,,,Rio Grande,,GRIFO MARINE AGENCIAMENTO MARITIMO,,,,,,,,,,,,,,,,,,,,
1115/26,Ag.Instruções,Felipe Marcellino,H&J TRADE IMPORTACAO E EXPORTACAO LTDA.,INFINITY GOODS DISTRIBUIDORA LTDA,SUDIMA INTERNATIONAL PTE LTD,Trading + Documentos + Desembaraço,OCEANFREIGHT / LCL,FOB,,,Rio Grande,,GRIFO MARINE AGENCIAMENTO MARITIMO,,,,,,,,,,,,,,,,,,,,
1814/26,Ag.Instruções,Sumaia Schneider,MODELLE INDUSTRIA E COMERCIO TEXTIL LTDA.,MODELLE INDUSTRIA E COMERCIO TEXTIL LTDA.,HANESBRANDS ARGENTINA SA,Documentos + Desembaraço,RODOVIÁRIO,FCA,24/04/2026,Previsão de finalização da mercadoria está para próxima semana.,,,FEDEX - FEDERAL EXPRESS CORPORATION,,,,,,,,,,,,,,,,,,,,
1905/26,Ag.Instruções,Eliane Lemes Bielefeld,SETA,SETA SA EXTRATIVA TANINO DE ACACIA,M/S. MANSHA TANNERY,Frete,OCEANFREIGHT / FCL,DDP,24/04/2026,Mercadoria em trânsito com previsão de chegada ao porto de transbordo (Salalah) em 24/05.,,269057164,MAERSK LINE A/S,TAYMA EXPRESS,,,,,,,,15/04/2026,15/04/2026,17/04/2026,,,,,04/06/2026,,,,
2026/26,Ag.Instruções,Eliane Lemes Bielefeld,SETA,SETA SA EXTRATIVA TANINO DE ACACIA,BAECK GMBH & CO KG,Frete,OCEANFREIGHT / FCL,DDP,24/04/2026,"Aguardando embarque no navio ONE RELIABILITY - 0019W, previsto para o dia 25/04.",,KHIE97527500,ONE - OCEAN NETWORK EXPRESS,ONE RELIABILITY,,,,,,,,25/04/2026,,,,,,,03/06/2026,,,,
2214/26,Ag.Instruções,Eliane Lemes Bielefeld,INNOVA,VIDEOLAR-INNOVA S/A,IOI OLEO GMBH,Desembaraço,AIRFREIGHT,EXW,24/04/2026,Continuamos no aguardo da análise do processo administrativo pela RFB.,Porto Alegre.,,SERVIMEX,,,,,,,,,,,,,,,,,,,,
2250/26,Ag.Instruções,Felipe Marcellino,DAKEN BRASIL LTDA,DAKEN BRASIL LTDA,Henschel Engineering Automotive Sp. z o.o.,Frete + Documentos + Desembaraço,OCEANFREIGHT / FCL,DAP,23/04/2026,Aguardando dados finais da carga para elaboração dos documentos,,,,,,,,,,,,,,,,,,,,,,,
2330/26,Ag.Instruções,Sumaia Schneider,QUIMSAR QUIMICA FINA LTDA,QUIMSAR QUIMICA FINA LTDA,GIVAUDAN ARGENTINA S.A.,Documentos + Desembaraço,RODOVIÁRIO,FCA,22/04/2026,"DU-E averbada, extrato enviado por e-mail e disponível na web.",Uruguaiana.,,BBM S.A.,,,,,,,,18/04/2026,18/04/2026,18/04/2026,10/04/2026,,10/04/2026,26BR0006344265,18/04/2026,18/04/2026,,22/04/2026,22/04/2026,22/04/2026
2334/26,Ag.Instruções,Roberta Rosa,TECBRIL INDUSTRIA E COMERCIO DE TINTAS LTDA,TECBRIL INDUSTRIA E COMERCIO DE TINTAS LTDA,MOBILIARIOS FONTENLAS/A,Documentos + Desembaraço,RODOVIÁRIO,FCA,24/04/2026,Coleta prevista para o dia 27/04.,,,INTERLINK,,,,,,,,,,,,,,,,,,,,
2379/26,Ag.Instruções,Jessica Oliveira,SGS POLIMEROS LTDA,SGS POLIMEROS LTDA,PPG INDUSTRIES COLOMBIA LTDA.,Documentos + Desembaraço,OCEANFREIGHT / FCL,EXW,20/04/2026,Aguarda booking por parte do agente de cargas DC.,Rio Grande,,DC LOGISTICS BRASIL - ITAJAI,,,,,,,,,,,,,,,,,,,,
2437/26,Ag.Instruções,Roberta Rosa,PROFINE BRASIL COMERCIO DE ARTEFATOS PLASTICOS LTD,PROFINE BRASIL COMERCIO DE ARTEFATOS PLASTICOS LTDA.,PROFINE BRASIL COMERCIO DE ARTEFATOS PLASTICOS LTD,Frete,COURIER,DAP,23/04/2026,Remessa entregue em 21/04. Comprovante de entrega disponível na web.,Viracopos,,UPS,,,,,,,,,16/04/2026,16/04/2026,,,,26BR0006157244,,21/04/2026,21/04/2026,,,
2496/26,Ag.Instruções,Felipe Marcellino,COMODITA LEATHER,COMODITA COMERCIO DE ARTIGOS EM COURO LTDA,MEXICAN COUNTRY IMPORTS,Desembaraço,COURIER,FCA,22/04/2026,"DU-E averbada, extrato enviado por e-mail e disponível na web.",Viracopos,,FEDEX,,,,,,,,21/04/2026,22/04/2026,21/04/2026,,,09/04/2026,26BR0006272442,22/04/2026,,,22/04/2026,22/04/2026,
2509/26,Ag.Instruções,Sumaia Schneider,IMDEX DO BRASIL - CONTAGEM,IMDEX DO BRASIL INDUSTRIA E COMERCIO LTDA,REFLEX INSTRUMENT SOUTH AMERICA SPA,Documentos + Desembaraço,RODOVIÁRIO,FCA,22/04/2026,"DU-E averbada, extrato enviado por e-mail e disponível na web.",Uruguaiana.,,TRANSMAAS LTDA,,,,,,,,20/04/2026,20/04/2026,20/04/2026,15/04/2026,,14/04/2026,26BR0006567892,20/04/2026,20/04/2026,,22/04/2026,22/04/2026,22/04/2026
2511/26,Ag.Instruções,Sumaia Schneider,IMDEX DO BRASIL - CONTAGEM,IMDEX DO BRASIL INDUSTRIA E COMERCIO LTDA,AMC REFLEX ARGENTINA S.A.,Documentos + Desembaraço,RODOVIÁRIO,FCA,23/04/2026,"DU-E averbada, extrato enviado por e-mail e disponível na web.",Uruguaiana.,,MCN TRANSPORTE E LOGISTICA INTERNACIONAL LTDA,,,,,,,,23/04/2026,23/04/2026,23/04/2026,21/04/2026,,14/04/2026,26BR0006513105,23/04/2026,23/04/2026,,,,
2534/26,Ag.Instruções,Jessica Oliveira,FRAMA,FRAMA PRODUTOS DE PAPELARIA LTDA.,ALAMO S/A,Documentos + Desembaraço,RODOVIÁRIO,FCA,22/04/2026,Draft do COD enviado para aprovação nesta data.,Foz do Iguaçu.,,não selecionada,,,,,,,,,,,,,,,,,,,,
2538/26,Ag.Instruções,Elizandra Moraes,ML INTL. LTDA,WINNING TRADING S.A.,"ROBERT GRAHAM DESIGN LLC, A DIVISION OF CENTRIC BR",Trading + Documentos + Desembaraço,AIRFREIGHT,FCA,24/04/2026,DU-E parametrizada em canal verde.,Guarulhos,,,,,,,,,,24/04/2026,25/04/2026,,,,20/04/2026,26BR0006984108,,26/04/2026,,,,
2539/26,Ag.Instruções,,BEIRA RIO,CALCADOS BEIRA RIO S/A - EXPORTAÇÃO,ATTOM CUTTING S.P.A.,Frete + Desembaraço,COURIER,DAP,23/04/2026,Chegou en Piacenza na Itália dia 23/04.,Viracopos,,,,,,,,,,21/04/2026,10/04/2026,10/04/2026,,,14/04/2026,26BR0006527068,21/04/2026,,,,,
2557/26,Ag.Instruções,Roberta Rosa,BEIRA RIO,CALCADOS BEIRA RIO S/A - EXPORTAÇÃO,STUDIO MIX GROUP,Documentos + Desembaraço,AIRFREIGHT,FCA,24/04/2026,"DU-E averbada, extrato enviado por e-mail e disponível na web.",Guarulhos,,CONEXO LOGISTICS,,,,,,,,14/04/2026,15/04/2026,15/04/2026,,,13/04/2026,26BR0006434418,23/04/2026,08/05/2026,,24/04/2026,24/04/2026,
2608/26,Ag.Instruções,Elizandra Moraes,CECBRA ELETRONICA MEDICA E ESTETICA,CECBRA INDUSTRIA DE EQUIPAMENTOS ELETROMEDICOS LTDA,CEC ELECTRONICA SRL,Documentos + Desembaraço,RODOVIÁRIO,FCA,23/04/2026,Aguardamos programação de embarque saida do cede em Caxias.,Uruguaiana.,,TNT MERCÚRIO CARGAS E ENCOMENDAS EXPRESSAS S.A.,,,,,,,,,,,14/04/2026,,14/04/2026,26BR0006582409,,,,,,
2680/26,Ag.Instruções,Sumaia Schneider,IMDEX DO BRASIL,IMDEX DO BRASIL INDUSTRIA E COMERCIO LTDA,SOLETANCHE BACHY URUGUAY AS,Frete + Desembaraço,RODOVIÁRIO,DAP,24/04/2026,Consolidação da mercadoria para seguir trânsito para fronteira prevista para início da próxima semana.,Chuí,,ESCHBERGER SERVICOS LOGISTICOS,,,,,,,,,,,,,17/04/2026,26BR0006883450,,,,,,
2696/26,Ag.Instruções,Roberta Rosa,BEIRA RIO,CALCADOS BEIRA RIO S/A - EXPORTAÇÃO,STUDIO MIX GROUP,Documentos + Desembaraço,OCEANFREIGHT / FCL,FOB,24/04/2026,Aguardando confirmação de reserva e programação de embarque.,Itapoá,,ROYAL CARGO DO BRASIL,,,,,,,,,,,,,,,,,,,,
2697/26,Ag.Instruções,Roberta Rosa,BEIRA RIO,CALCADOS BEIRA RIO S/A - EXPORTAÇÃO,STUDIO MIX GROUP,Documentos + Desembaraço,OCEANFREIGHT / FCL,FOB,24/04/2026,Aguardando previsão de carregamento,Itapoá,,ROYAL CARGO DO BRASIL,,,,,,,,,,,,,,,,,,,,
2701/26,Ag.Instruções,Roberta Rosa,BEIRA RIO,CALCADOS BEIRA RIO S/A - EXPORTAÇÃO,LEADER SHOES SA DE CV,Documentos,OCEANFREIGHT / FCL,FOB,23/04/2026,Aguardando a programação de carregamento,,,MAERSK LINE A/S,,,,,,,,,,,,,,,,,,,,
2779/26,Ag.Instruções,Roberta Rosa,POWERMIG AUTOMACAO E SOLDAGEM,LINCOLN ELECTRIC DO BRASIL INDUSTRIA E COMERCIO LTDA,FCA AUTOMOBILES ARGENTINA SA,Documentos + Desembaraço,RODOVIÁRIO,FCA,24/04/2026,Carregamento alterado para dia 27/04.,,,não selecionada,,,,,,,,,,,,,,,,,,,,
2805/26,Ag.Instruções,Jessica Oliveira,BOLD 0001-55,BOLD S.A,IVO DANIEL GUIDI,Documentos + Desembaraço,RODOVIÁRIO,FCA,24/04/2026,"DU-E averbada, extrato enviado por e-mail e disponível na web.",Uruguaiana.,,MSA TRANSPORTES INTERNACIONAIS,,,,,,,,23/04/2026,21/04/2026,23/04/2026,20/04/2026,,22/04/2026,26BR0007025783,23/04/2026,,,,,
2813/26,Ag.Instruções,Eliane Lemes Bielefeld,INNOVA,VIDEOLAR-INNOVA S/A,SNETOR OVERSEAS,Desembaraço,RODOVIÁRIO,FCA,24/04/2026,COD emitido e enviado via e-mail nesta data.,Foz do Iguaçu.,,TRANSPORTADORA FALCAO LTDA,,,,,,,,,,,24/04/2026,,,,,,,,,
2820/26,Ag.Instruções,Elizandra Moraes,INTEXCO 0003-60 (ITAJAÍ),J.A. ASSESSORIA E NEGOCIO LIMITADA,GAX S.A.,Documentos + Desembaraço,OCEANFREIGHT / FCL,FCA,24/04/2026,"CRT recebida, ajuste de informações solicitados, aguardamos envio do documento ajustado.",Uruguaiana.,,CARRUBBA IMPORTACAO E EXPORTACAO LTDA,,,,,,,,,,,,,24/04/2026,26BR0007205501,,,,,,
2838/26,Ag.Instruções,Elizandra Moraes,FILIAL SOBERANA II,SOBERANA ALIMENTOS LTDA,COIMPEX S.A.,Documentos + Desembaraço,RODOVIÁRIO,FCA,22/04/2026,Draft do CO enviado para aprovação.,,,TENORA LOGÍSTICA INTERNACIONAL S/A,,,,,,,,,,,,,,,,,,,,
2839/26,Ag.Instruções,Roberta Rosa,ROL MAR,ROL MAR METALURGICA LTDA,"MADELIN LLUYTO MAMANI ",Documentos,RODOVIÁRIO,FCA,24/04/2026,Previsão de ingresso na fronteira dia 25/04.,Corumbá,,TRANSPORTES SANTA CRUZ,,,,,,,,,22/04/2026,22/04/2026,,,22/04/2026,26BR0007091212,,,,24/04/2026,24/04/2026,
2850/26,Ag.Instruções,Jessica Oliveira,PACIFIL BRASIL,"PACIFIL BRASIL- INDUSTRIA , COMERCIO, IMPORTACAO E EXPORTACAO DE SILOS PLASTICOS LTDA",MARGARIA DIEGO EDEL,Documentos + Desembaraço,RODOVIÁRIO,FCA,24/04/2026,"CO aprovado, emitido e enviado nesta data.",Uruguaiana.,,,,,,,,,,,,,,,,,,,,,,
2867/26,Ag.Instruções,Jessica Oliveira,CONEXAO MALHAS E DESENVOLVIMENTO LTDA,CONEXAO MALHAS E DESENVOLVIMENTO LTDA,FLEX EQUIPOS DE DESCANSO,Desembaraço,RODOVIÁRIO,EXW,23/04/2026,Documentos (Invoice e Packing List) recebidos nesta data.,Uruguaiana.,,,,,,,,,,,,,,,,,,,,,,
2902/26,Ag.Instruções,Felipe Marcellino,LACONIC LOGISTICS LIMITADA,DEPORTE PRODUTOS PARA ATLETAS INDUSTRIA E COMERCIO DE PRODUTOS ESPORTIVOS LTDA,Importadora y Exportadora 100FIT SpA,Frete + Desembaraço,RODOVIÁRIO,EXW,24/04/2026,Aguardando confirmação de agendamento de coleta,Uruguaiana.,,TGA,,,,,,,,,,,,,,,,,,,,24/04/2026
2912/26,Ag.Instruções,Roberta Rosa,POWERMIG AUTOMACAO E SOLDAGEM,LINCOLN ELECTRIC DO BRASIL INDUSTRIA E COMERCIO LTDA,REPRESENTACIONES INDUSTRIALES S.A. (TREMAC),Desembaraço,RODOVIÁRIO,FCA,24/04/2026,Aguardando previsão de carregamento,,,não selecionada,,,,,,,,,,,,,,,,,,,,
2914/26,Ag.Instruções,Jessica Oliveira,POLO FILMS,POLO FILMS INDUSTRIA E COMERCIO S/A,"DISTRIPACK S.A. ",Desembaraço,RODOVIÁRIO,CIP,24/04/2026,"DU-E emitida, aguardando carregamento.",Foz do Iguaçu.,,INTERLINK,,,,,,,,,29/04/2026,,,,24/04/2026,26BR0007271172,,,,,,
2711/26,Ag.Desembaraço,Felipe Marcellino,FAXON QUIMICA - RS,FAXON QUIMICA LTDA,PAQUES ENVIRONMENTAL TECHNOLOGIES,Desembaraço,OCEANFREIGHT / FCL,FOB,22/04/2026,Aguardando entrega e recepção no terminal,Rio Grande,19551235,TPLPROVIDER MULTIMODAL LTDA,RDO FORTUNE,23/04/2026 17:00,22/04/2026,27/04/2026 12:00,,23/04/2026,22/04/2026,,29/04/2026,,,,22/04/2026,26BR0007051199,,27/05/2026,,,,
2777/26,Ag.Desembaraço,Eliane Lemes Bielefeld,INNOVA,VIDEOLAR-INNOVA S/A,SWARTLAND INSULATION (PTY) LTD - VAT: 4060288067,Desembaraço,OCEANFREIGHT / FCL,CFR,23/04/2026,Aguardamos a entrega dos containers no porto e desembaraço aduaneiro.,Itajaí (Porto),14456667,HAPAG LLOYD AKTIENGESELLSCHATT,ACASTOS,23/04/2026 16:00,23/04/2026,25/04/2026 12:00,,24/04/2026,23/04/2026,,27/04/2026,,,,23/04/2026,26BR0007107410,,16/05/2026,,,,
2674/26,Ag.Desembaraço,Eliane Lemes Bielefeld,SETA,SETA SA EXTRATIVA TANINO DE ACACIA,"TORAY INTERNATIONAL, INC",Desembaraço,OCEANFREIGHT / FCL,CIF,24/04/2026,Aguardamos a entrega do container no TECON e desembaraço aduaneiro.,Rio Grande,SAOG18437400,ONE - OCEAN NETWORK EXPRESS,HMM PRESTIGE,23/04/2026 14:00,22/04/2026,28/04/2026 12:00,,27/04/2026,22/04/2026,,30/04/2026,,,,24/04/2026,26BR0007248804,,27/06/2026,,,,
2634/26,Ag.Desembaraço,Elizandra Moraes,FILIAL SOBERANA II,SOBERANA ALIMENTOS LTDA,DISTRIBUIDORA LA DULCERA S. DE RL,Documentos + Desembaraço,OCEANFREIGHT / FCL,FOB,22/04/2026,Gate previsto para abrir em 25/04.,Rio Grande,SAOG16581900,TLD GLOBAL SHIPPING AGENCIAMENTO DE CARGAS,COSTA RICA EXPRESS,15/04/2026 12:00,14/04/2026,02/05/2026 12:00,,15/04/2026,14/04/2026,,04/05/2026,,,,14/04/2026,26BR0006570575,,04/06/2026,,,,
2507/26,Ag.Desembaraço,Eliane Lemes Bielefeld,INNOVA,VIDEOLAR-INNOVA S/A,INDUSTRIA SJ S.R.L. - NIT: 306388023,Desembaraço,RODOVIÁRIO,CPT,24/04/2026,Mercadoria na fronteira - Continuamos no aguardo do desembaraço aduaneiro.,Corumbá,,TRANSPORTADORA FALCAO LTDA,,,,,,,,,13/04/2026,,10/04/2026,,10/04/2026,26BR0006340715,,,,,,
2582/26,Ag.Desembaraço,Eliane Lemes Bielefeld,INNOVA,VIDEOLAR-INNOVA S/A,INDUSTRIA SJ S.R.L. - NIT: 306388023,Desembaraço,RODOVIÁRIO,CPT,24/04/2026,Mercadoria na fronteira - Continuamos no aguardo do desembaraço aduaneiro.,Corumbá,,TRANSPORTADORA FALCAO LTDA,,,,,,,,,17/04/2026,,14/04/2026,,14/04/2026,26BR0006510670,,,,,,
2595/26,Ag.Desembaraço,Eliane Lemes Bielefeld,INNOVA,VIDEOLAR-INNOVA S/A,INDUSTRIAS BELEN SRL - NIT 1015355021,Desembaraço,RODOVIÁRIO,CIP,24/04/2026,Mercadoria na fronteira - Continuamos no aguardo do desembaraço aduaneiro.,Corumbá,,TRANSPORTADORA FALCAO LTDA,,,,,,,,,17/04/2026,,14/04/2026,,14/04/2026,26BR0006525740,,,,,,
2597/26,Ag.Desembaraço,Eliane Lemes Bielefeld,INNOVA,VIDEOLAR-INNOVA S/A,INDUSTRIAS BELEN SRL - NIT 1015355021,Desembaraço,RODOVIÁRIO,CIP,24/04/2026,Mercadoria na fronteira - Continuamos no aguardo do desembaraço aduaneiro.,Corumbá,,TRANSPORTADORA FALCAO LTDA,,,,,,,,,17/04/2026,,14/04/2026,,14/04/2026,26BR0006527718,,,,,,
2613/26,Ag.Desembaraço,Felipe Marcellino,HIDROENERGIA ENGENHARIA E AUTOMACAO LTDA,HIDROENERGIA ENGENHARIA E AUTOMACAO LTDA,INDUSTRIAS METALMECANICAS ESPECIALES S.A.C.I- CRUZ,Frete + Desembaraço,RODOVIÁRIO,CPT,23/04/2026,DUE cancelada,Uruguaiana.,,ESCHBERGER SERVICOS LOGISTICOS,,,,,,,,,,,17/04/2026,,16/04/2026,26BR0006758051,,,,,,
2616/26,Ag.Desembaraço,Felipe Marcellino,HIDROENERGIA ENGENHARIA E AUTOMACAO LTDA,HIDROENERGIA ENGENHARIA E AUTOMACAO LTDA,INDUSTRIAS METALMECANICAS ESPECIALES S.A.C.I  - LA,Frete + Desembaraço,RODOVIÁRIO,CPT,23/04/2026,DUE cancelada,Uruguaiana.,,ESCHBERGER SERVICOS LOGISTICOS,,,,,,,,,,,17/04/2026,,16/04/2026,26BR0006753670,,,,,,
2851/26,Ag.Desembaraço,Jessica Oliveira,POLO FILMS,POLO FILMS INDUSTRIA E COMERCIO S/A,"DISTRIPACK S.A. ",Desembaraço,RODOVIÁRIO,CIP,24/04/2026,Instrução envida para fronteira,Foz do Iguaçu.,,INTERLINK,,,,,,,,,27/04/2026,,23/04/2026,,23/04/2026,26BR0007127926,,,,,,
2722/26,Pré-Embarque,Eliane Lemes Bielefeld,SETA,SETA SA EXTRATIVA TANINO DE ACACIA,NASEER & SONS - NTN NO: 8910062-8,Desembaraço,OCEANFREIGHT / FCL,CFR,24/04/2026,DU-E parametrizada em canal verde.,Rio Grande,269572058,MAERSK LINE A/S,MAERSK LAGUNA,23/04/2026 12:00,23/04/2026,27/04/2026 12:00,24/04/2026,27/04/2026,23/04/2026,24/04/2026,29/04/2026,,,,23/04/2026,26BR0007170899,,26/06/2026,,,,
2561/26,Pré-Embarque,Jessica Oliveira,VCI VANGUARD CONFECCOES IMPORTADAS,VCI VANGUARD CONFECCOES IMPORTADAS S.A.,CONFLUXE RETAIL (Pvt) LTD,Documentos + Desembaraço,OCEANFREIGHT / FCL,FOB,24/04/2026,Aguarda embarque em Santos no navio MSC MARA com ETA 26/04.,Santos,EBKGQ001E5B4,LEADERLOG (RS),MSC MARA,22/04/2026 12:00,22/04/2026,24/04/2026 08:00,22/04/2026,22/04/2026,22/04/2026,22/04/2026,27/04/2026,,,,22/04/2026,26BR0007033220,,27/05/2026,,,,
2423/26,Pré-Embarque,Felipe Marcellino,HS MADEIRAS,HS MADEIRAS LTDA,MARWOOD GROUP LTD.,Frete + Documentos + Desembaraço,OCEANFREIGHT / FCL,CIF,23/04/2026,"Aguardando embarque, previsto para 25/04",Rio Grande,EBKG16462975,LEADERLOG (RS),LAEM CHABANG EXPRESS,20/04/2026 18:00,20/04/2026,23/04/2026 18:00,23/04/2026,20/04/2026,20/04/2026,20/04/2026,25/04/2026,,,,20/04/2026,26BR0006921548,,28/05/2026,,,,
2662/26,Pré-Embarque,Eliane Lemes Bielefeld,SETA,SETA SA EXTRATIVA TANINO DE ACACIA,VIJAY MARKETING CORPORATION,Desembaraço,OCEANFREIGHT / FCL,CIF,24/04/2026,"Aguardando embarque no navio PARANA EXPRESS - 2610E, previsto em Rio Grande no dia 26/04.",Rio Grande,SAOG21202900,ONE - OCEAN NETWORK EXPRESS,PARANA EXPRESS,20/04/2026 14:00,20/04/2026,23/04/2026 18:00,22/04/2026,23/04/2026,20/04/2026,22/04/2026,26/04/2026,,,,22/04/2026,26BR0007014471,,16/06/2026,,,,
2660/26,Pré-Embarque,Eliane Lemes Bielefeld,SETA,SETA SA EXTRATIVA TANINO DE ACACIA,SHOECARE,Desembaraço,OCEANFREIGHT / FCL,CIF,24/04/2026,"Aguardando embarque no navio PARANA EXPRESS - 2610E, previsto em Rio Grande no dia 26/04.",Rio Grande,SAOG21194500,ONE - OCEAN NETWORK EXPRESS,PARANA EXPRESS,20/04/2026 12:00,20/04/2026,23/04/2026 18:00,23/04/2026,23/04/2026,20/04/2026,23/04/2026,26/04/2026,,,,22/04/2026,26BR0007021710,,13/06/2026,,,,
2520/26,Pré-Embarque,,OLIVEIRA COUROS,GUSTAVO STREIT DE OLIVEIRA LTDA,ARGOLANDA B.V.,Frete + Desembaraço,OCEANFREIGHT / FCL,CFR,23/04/2026,Navio MSC JULIE QI616R teve atualização na previsão de chegada no porto de Rio Grande para dia 25/04 as 6h.,Rio Grande,EBKG16494735,MSC DO BRASIL LTDA.,MSC JULIE,17/04/2026 18:00,17/04/2026,20/04/2026 18:00,20/04/2026,16/04/2026,17/04/2026,17/04/2026,25/04/2026,,,,16/04/2026,26BR0006756717,,22/06/2026,,,,
2687/26,Pré-Embarque,Eliane Lemes Bielefeld,SETA,SETA SA EXTRATIVA TANINO DE ACACIA,MOONSTAR CHEMICAL CORPORATION,Desembaraço,OCEANFREIGHT / FCL,CIF,24/04/2026,"Aguardando embarque no navio MSC JULIE - QI616R, previsto em Rio Grande no dia 26/04.",Rio Grande,EBKG16554910,MSC MEDITERRANEAN,MSC JULIE,17/04/2026 18:00,17/04/2026,20/04/2026 18:00,20/04/2026,20/04/2026,17/04/2026,20/04/2026,26/04/2026,,,,17/04/2026,26BR0006882364,,,,,,
1840/26,Pré-Embarque,Eliane Lemes Bielefeld,INNOVA,VIDEOLAR-INNOVA S/A,KIC SA (PTY) LTD,Desembaraço,OCEANFREIGHT / FCL,FOB,24/04/2026,"Aguardando embarque no navio MSC JULIE - QI616R, previsto em Rio Grande no dia 26/04.",Rio Grande,241ISZ2538180 // 1072 642 087,KUEHNE NAGEL SER LOG LTDA POAEHNE,MSC JULIE,16/04/2026 18:00,01/04/2026,20/04/2026 18:00,01/04/2026,16/04/2026,01/04/2026,01/04/2026,26/04/2026,,,,31/03/2026,26BR0005604590,,,,,,
2156/26,Pré-Embarque,Eliane Lemes Bielefeld,INNOVA,VIDEOLAR-INNOVA S/A,KIC SA (PTY) LTD,Desembaraço,OCEANFREIGHT / FCL,FOB,24/04/2026,"Aguardando embarque no navio MSC JULIE - QI616R, previsto em Rio Grande no dia 26/04.",Rio Grande,241ISZ2538167 // 1072 642 129,KUEHNE NAGEL SER LOG LTDA POAEHNE,MSC JULIE,16/04/2026 12:00,15/04/2026,20/04/2026 18:00,15/04/2026,17/04/2026,15/04/2026,15/04/2026,26/04/2026,,,,14/04/2026,26BR0006582620,,,,,,
2528/26,Pré-Embarque,Eliane Lemes Bielefeld,INNOVA,VIDEOLAR-INNOVA S/A,SNETOR OVERSEAS,Desembaraço,OCEANFREIGHT / FCL,CFR,24/04/2026,EDI enviado pelo armador - Navio atualizado no porto.,Rio Grande,269310813,MAERSK LINE A/S,MAERSK REDWOOD,16/04/2026 12:00,16/04/2026,28/04/2026 18:00,14/04/2026,20/04/2026,16/04/2026,14/04/2026,01/05/2026,,,,14/04/2026,26BR0006553204,,17/05/2026,,,,
2377/26,Pré-Embarque,Jessica Oliveira,BOLD 0001-55,BOLD S.A,"SCHNEIDER ELECTRIC   ",Documentos + Desembaraço,OCEANFREIGHT / LCL,FOB,24/04/2026,Embarque transferido do navio DALIAN EXPRESS - 2609N em Santos ETA 20/04 para o navio LE HAVRE EXPRESS com ETA 27/04.,Santos,32739424,DSV,LE HAVRE EXPRESS,10/04/2026 16:00,10/04/2026,10/04/2026 11:00,13/04/2026,,,13/04/2026,27/04/2026,,10/04/2026,,09/04/2026,26BR0006276456,,29/04/2026,,,,
1928/26,Pré-Embarque,Felipe Marcellino,HS MADEIRAS,HS MADEIRAS LTDA,MARWOOD GROUP LTD.,Frete + Documentos + Desembaraço,OCEANFREIGHT / FCL,CIF,24/04/2026,Transferência de navio devido restrição operacional. DE: MSC JULIE PARA: MSC MUGE NA618R - ETD 02/05,Rio Grande,EBKG16245885,LEADERLOG (RS),MSC MUGE,09/04/2026 18:00,09/04/2026,10/04/2026 12:00,10/04/2026,09/04/2026,09/04/2026,09/04/2026,02/05/2026,,,,09/04/2026,26BR0006216739,,04/06/2026,,,,
2230/26,Pré-Embarque,Sumaia Schneider,DOCILE ALIMENTOS LTDA,DOCILE ALIMENTOS LTDA,MUNDI GLOBALES SA,Documentos + Desembaraço,OCEANFREIGHT / FCL,FOB,22/04/2026,Conforme instrução enviada pela SMX reserva foi transferida para o navio SUNNY PHOENIX 73N com ETD para 25/04.,Navegantes,ZIMUITJ8053809,SMX,SUNNY PHOENIX,31/03/2026 18:00,31/03/2026,02/04/2026 12:00,02/04/2026,31/03/2026,31/03/2026,02/04/2026,22/04/2026,,,,02/04/2026,26BR0005834790,,20/05/2026,,,,
2052/26,Pré-Embarque,Elizandra Moraes,BN PAPEIS,BN - PAPEL CATARINENSE LTDA,SUMINISTROS DE PAPELES E INSUMOS S.A. DE C.V.,Documentos + Desembaraço,OCEANFREIGHT / FCL,FOB,23/04/2026,Navio SUNNY PHOENIX 64N está previsto para chegar em navegantes em 24/04 as 18h.,Navegantes,ZIMUITJ8053711,CSS LOG,SUNNY PHOENIX,31/03/2026 09:00,30/03/2026,02/04/2026 12:00,31/03/2026,31/03/2026,30/03/2026,31/03/2026,24/04/2026,,,,30/03/2026,26BR0005584297,,19/05/2026,,06/04/2026,06/04/2026,07/04/2026
2051/26,Pré-Embarque,Elizandra Moraes,BN PAPEIS,BN - PAPEL CATARINENSE LTDA,ONECK PAPER CO LLC,Documentos + Desembaraço,OCEANFREIGHT / FCL,FOB,23/04/2026,Navio SUNNY PHOENIX 64N está previsto para chegar em navegantes em 24/04 as 18h.,Navegantes,ZIMUITJ8053710,CSS LOG,SUNNY PHOENIX,30/03/2026 12:00,27/03/2026,02/04/2026 12:00,31/03/2026,30/03/2026,27/03/2026,31/03/2026,24/04/2026,,,,27/03/2026,26BR0005453486,,19/05/2026,,06/04/2026,06/04/2026,07/04/2026
2053/26,Pré-Embarque,Elizandra Moraes,BN PAPEIS,BN - PAPEL CATARINENSE LTDA,"PAPELES BELUMOSA, S.A DE C.V",Documentos + Desembaraço,OCEANFREIGHT / FCL,CFR,23/04/2026,Navio SUNNY PHOENIX 64N está previsto para chegar em navegantes em 24/04 as 18h.,Navegantes,ZIMUITJ8053712,CSS LOG,SUNNY PHOENIX,30/03/2026 12:00,27/03/2026,02/04/2026 12:00,01/04/2026,30/03/2026,27/03/2026,31/03/2026,24/04/2026,,,,27/03/2026,26BR0005459395,,19/05/2026,,06/04/2026,06/04/2026,07/04/2026
2243/26,Embarque,Eliane Lemes Bielefeld,INNOVA,VIDEOLAR-INNOVA S/A,WALTON HI-TECH INDUSTRIES PLC,Desembaraço,OCEANFREIGHT / FCL,CFR,24/04/2026,Draft do CO enviado para aprovação do cliente nesta data.,Rio Grande,267646022,MAERSK LINE A/S,MAERSK LANCO,16/04/2026 12:00,16/04/2026,20/04/2026 12:00,16/04/2026,20/04/2026,16/04/2026,16/04/2026,22/04/2026,22/04/2026,,,14/04/2026,26BR0006585637,,19/06/2026,,,,
2398/26,Embarque,Jessica Oliveira,PACIFIL BRASIL,"PACIFIL BRASIL- INDUSTRIA , COMERCIO, IMPORTACAO E EXPORTACAO DE SILOS PLASTICOS LTDA",INNOVATIVE FORAGE SOLUTIONS,Documentos + Desembaraço,OCEANFREIGHT / FCL,FOB,24/04/2026,Embarque confirmado em Rio Grande no navio MAERSK MONTE ALEGRE - 616N no dia 22/04. Cópia do BL recebida.,Rio Grande,269384712 / EM0862/26,B&M LOGISTICA INTERNACIONAL LTDA,MAERSK MONTE ALEGRE,16/04/2026 12:00,16/04/2026,20/04/2026 12:00,15/04/2026,17/04/2026,,15/04/2026,22/04/2026,22/04/2026,,,15/04/2026,26BR0006667315,,16/05/2026,,,,
5055/25,Embarque,Roberta Rosa,BEIRA RIO,CALCADOS BEIRA RIO S/A - EXPORTAÇÃO,DISTRIBUIDORA LIVERPOOL S.A. DE C.V.,Documentos + Desembaraço,OCEANFREIGHT / FCL,FOB,24/04/2026,Aguardamos aprovação dos documentos para envio dos originais.,Rio Grande,EBKG16410233,MSC - CH,LE HAVRE EXPRESS,14/04/2026 12:00,14/04/2026,17/04/2026 17:00,17/04/2026,14/04/2026,14/04/2026,14/04/2026,20/04/2026,21/04/2026,,,14/04/2026,26BR0006511501,,14/05/2026,,,,
2530/26,Embarque,Eliane Lemes Bielefeld,INNOVA,VIDEOLAR-INNOVA S/A,SYRUS HOLDING SA SUC URUGUAY - RUT 218438580015,Desembaraço,OCEANFREIGHT / FCL,CFR,24/04/2026,Aguardamos o envio da invoice do importador pelo exportador para providenciarmos o draft do CO.,Rio Grande,SAOG20150300,ETERNITY GROUP BRASIL,LE HAVRE EXPRESS,14/04/2026 12:00,14/04/2026,17/04/2026 17:00,14/04/2026,14/04/2026,14/04/2026,14/04/2026,21/04/2026,21/04/2026,,,14/04/2026,26BR0006533068,,08/05/2026,,,,
2285/26,Embarque,Felipe Marcellino,AGROINDUSTRIAL SAO FRANCISCO,AGROINDUSTRIAL SAO FRANCISCO LTDA,L.J. LINEN SIA,Frete,OCEANFREIGHT / FCL,CIP,23/04/2026,Embarque confirmado conforme tracking em 21/04,Paranagua.,EBKG16404085,MSC DO BRASIL LTDA.,LE HAVRE,13/04/2026 18:00,13/04/2026,18/04/2026 12:00,18/04/2026,13/04/2026,13/04/2026,18/04/2026,21/04/2026,21/04/2026,,,13/04/2026,26BR0006450251,,28/05/2026,,24/04/2026,24/04/2026,
2104/26,Embarque,Sumaia Schneider,ARAGUAIA,ARAGUAIA INDUSTRIA DE OLEOS E PROTEINAS S.A.,ELBERSON INVESTMENTS PTE LTD,Desembaraço,OCEANFREIGHT / FCL,CIP,24/04/2026,BL coletado e enviado na data para o cliente.,Santos,268617608,MAERSK A/S,ALIANCA LEBLON,13/04/2026 12:00,13/04/2026,17/04/2026 12:00,16/04/2026,17/04/2026,14/04/2026,09/04/2026,19/04/2026,19/04/2026,23/04/2026,"E2600203927 ",08/04/2026,26BR0006148067,,13/06/2026,,09/04/2026,09/04/2026,10/04/2026
1983/26,Embarque,Jessica Oliveira,RISEON LTDA,RISEON LTDA,"ZHUHAI SINO ENERGY TECHNOLOGY CO., LTD.",Desembaraço,OCEANFREIGHT / FCL,FOB,20/04/2026,Cópia do BL final recebida nesta data.,Itajaí (Porto),SSZ1762749,CMA CGM DO BRASIL AGENCIA MARITIMA LTDA,CMA CGM GEORGE SAND,10/04/2026 18:00,10/04/2026,14/04/2026 08:00,14/04/2026,09/04/2026,10/04/2026,13/04/2026,16/04/2026,17/04/2026,,,09/04/2026,26BR0006230685,,02/06/2026,,22/04/2026,22/04/2026,23/04/2026
2061/26,Embarque,Felipe Marcellino,FAROS INDUSTRIA DE FARINHA DE OSSOS LTDA,FAROS INDUSTRIA DE FARINHA DE OSSOS LTDA,L.J. LINEN SIA,Frete,OCEANFREIGHT / FCL,CIP,23/04/2026,Previsão de chegada no transbordo WALVIS BAY para 06/05,Rio Grande,EBKG16320070,MSC DO BRASIL LTDA.,LE HAVRE,10/04/2026 18:00,10/04/2026,13/04/2026 18:00,11/04/2026,10/04/2026,10/04/2026,11/04/2026,16/04/2026,15/04/2026,,,09/04/2026,26BR0006216399,,18/06/2026,,17/04/2026,17/04/2026,20/04/2026
2027/26,Embarque,Elizandra Moraes,FILIAL SOBERANA II,SOBERANA ALIMENTOS LTDA,LABOCER S.A.,Documentos + Desembaraço,OCEANFREIGHT / FCL,FOB,17/04/2026,Embarque confirmado no navio DUSSELDORF EXPRESS 615W em 17/04. Aguardamos cópia de BL da TLD.,Rio Grande,31850590,TLD GLOBAL SHIPPING AGENCIAMENTO DE CARGAS,DUSSELDORF EXPRESS,10/04/2026 12:00,10/04/2026,14/04/2026 18:00,15/04/2026,10/04/2026,10/04/2026,14/04/2026,17/04/2026,17/04/2026,,,09/04/2026,26BR0006285986,,30/04/2026,,23/04/2026,23/04/2026,
1788/26,Embarque,Sumaia Schneider,DOCILE ALIMENTOS LTDA,DOCILE ALIMENTOS LTDA,CREATIVE SWEETS DISTRIBUTORS JHB CC,Frete + Desembaraço,OCEANFREIGHT / FCL,FOB,22/04/2026,BL do armador recebido nesta data.,Itajaí (Porto),267472288,MAERSK A/S - DK,GREEN PARK,08/04/2026 12:00,01/04/2026,17/04/2026 18:00,17/04/2026,14/04/2026,01/04/2026,09/04/2026,19/04/2026,19/04/2026,,,06/04/2026,26BR0006018945,,23/05/2026,,23/04/2026,23/04/2026,24/04/2026
1807/26,Embarque,Roberta Rosa,BEIRA RIO,CALCADOS BEIRA RIO S/A - EXPORTAÇÃO,STUDIO MIX GROUP,Documentos + Desembaraço,OCEANFREIGHT / FCL,FOB,24/04/2026,"A remessa saiu para entrega ao importador, nesta data.",Itapoá,268800237,ROYAL CARGO DO BRASIL,MSC DAMLA,08/04/2026 12:00,08/04/2026,14/04/2026 18:00,11/04/2026,08/04/2026,08/04/2026,11/04/2026,17/04/2026,16/04/2026,20/04/2026,,08/04/2026,26BR0006122491,,09/05/2026,,,,
1813/26,Embarque,Roberta Rosa,BEIRA RIO,CALCADOS BEIRA RIO S/A - EXPORTAÇÃO,STUDIO MIX GROUP,Documentos + Desembaraço,OCEANFREIGHT / FCL,FOB,20/04/2026,Certificado de origem original enviado via DHL 35 8365 2155 nesta data,Itapoá,268800237,ROYAL CARGO DO BRASIL,MSC DAMLA,08/04/2026 12:00,08/04/2026,14/04/2026 18:00,11/04/2026,08/04/2026,08/04/2026,11/04/2026,17/04/2026,16/04/2026,20/04/2026,,07/04/2026,26BR0006106933,,09/05/2026,,,,
1038/26,Embarque,Felipe Marcellino,TECMADER,TECMADER INDUSTRIA MADEIREIRA LTDA,"KWANGDUCK TIMBER CO., LTD",Desembaraço,OCEANFREIGHT / FCL,CFR,23/04/2026,Documentos originais foram enviados via UPS para o banco no exterior. 1Z23580Y0407419128,Rio Grande,SAOA83175900,V & M LOGISTICA INTERNACIONAL,HMM SKY,07/04/2026 18:00,07/04/2026,10/04/2026 12:00,10/04/2026,07/04/2026,07/04/2026,10/04/2026,13/04/2026,11/04/2026,23/04/2026,,06/04/2026,26BR0005991453,19/04/2026,29/05/2026,,23/04/2026,23/04/2026,
2298/26,Embarque,Sumaia Schneider,DOCILE ALIMENTOS LTDA,DOCILE ALIMENTOS LTDA,UNION NACIONAL DE MARCAS,Documentos + Desembaraço,OCEANFREIGHT / FCL,FOB,23/04/2026,Previsão de chegada no porto de transbordo em 18/05.,Rio Grande,EBKG16389553,DC LOGISTICS BRASIL - ITAJAI,MSC BREMEN,07/04/2026 12:00,06/04/2026,15/04/2026 12:00,10/04/2026,07/04/2026,06/04/2026,07/04/2026,18/04/2026,18/04/2026,,,06/04/2026,26BR0005976187,,27/05/2026,,23/04/2026,23/04/2026,24/04/2026
2016/26,Embarque,Sumaia Schneider,ARAGUAIA,ARAGUAIA INDUSTRIA DE OLEOS E PROTEINAS S.A.,ELBERSON INVESTMENTS PTE LTD,Desembaraço,OCEANFREIGHT / FCL,CIP,24/04/2026,Documentos foram aprovado pelo cliente em 23/04. BL coletado e enviado na data para o cliente.,Santos,267324206,MAERSK A/S,ALIANCA LEBLON,06/04/2026 12:00,06/04/2026,10/04/2026 12:00,07/04/2026,06/04/2026,06/04/2026,06/04/2026,12/04/2026,12/04/2026,23/04/2026,"E2600198793 ",06/04/2026,26BR0005989050,,03/06/2026,,09/04/2026,09/04/2026,10/04/2026
2328/26,Embarque,Roberta Rosa,BEIRA RIO,CALCADOS BEIRA RIO S/A - EXPORTAÇÃO,STUDIO MIX GROUP,Documentos + Desembaraço,OCEANFREIGHT / FCL,FOB,24/04/2026,Aguardamos aprovação dos documentos.,Rio Grande,EBKG16406138,DC LOGISTICS BRASIL - ITAJAI,LE HAVRE EXPRESS,06/04/2026 12:00,06/04/2026,17/04/2026 17:00,17/04/2026,06/04/2026,06/04/2026,14/04/2026,20/04/2026,20/04/2026,,,06/04/2026,26BR0006009083,,14/05/2026,,,,
1651/26,Embarque,Felipe Marcellino,FAROS INDUSTRIA DE FARINHA DE OSSOS LTDA,FAROS INDUSTRIA DE FARINHA DE OSSOS LTDA,L.J. LINEN SIA,Frete,OCEANFREIGHT / FCL,CIP,23/04/2026,Previsão de chegada no transbordo WALVIS BAY alterada para 01/05.,Rio Grande,EBKG16103309,MSC DO BRASIL LTDA.,MSC PAMELA,02/04/2026 18:00,02/04/2026,06/04/2026 18:00,04/04/2026,02/04/2026,02/04/2026,04/04/2026,09/04/2026,09/04/2026,,,02/04/2026,26BR0005859970,,04/06/2026,,13/04/2026,13/04/2026,13/04/2026
2084/26,Embarque,Felipe Marcellino,FAROS INDUSTRIA DE FARINHA DE OSSOS LTDA,FAROS INDUSTRIA DE FARINHA DE OSSOS LTDA,BUSINESS TRADERS GROUP,Frete,OCEANFREIGHT / FCL,CIP,23/04/2026,Previsão de chegada no transbordo WALVIS BAY alterada para 01/05,Rio Grande,EBKG16320235,MSC DO BRASIL LTDA.,MSC PAMELA,02/04/2026 18:00,02/04/2026,06/04/2026 18:00,06/04/2026,02/04/2026,02/04/2026,06/04/2026,09/04/2026,09/04/2026,,,01/04/2026,26BR0005790423,,05/06/2026,,13/04/2026,13/04/2026,13/04/2026
2198/26,Embarque,Elizandra Moraes,BN PAPEIS,BN - PAPEL CATARINENSE LTDA,ADITIVOS Y PRODUCTOS TAZCAL S.A. DE C.V.,Documentos + Desembaraço,OCEANFREIGHT / FCL,FOB,20/04/2026,Previsão de chegada em Altamira está para dia 10/05.,Itapoá,EBKG16355571,CSS LOG,MSC DAMLA,02/04/2026 10:00,02/04/2026,13/04/2026 12:00,13/04/2026,02/04/2026,02/04/2026,11/04/2026,17/04/2026,16/04/2026,,,01/04/2026,26BR0005815159,,10/05/2026,,13/04/2026,13/04/2026,16/04/2026
2113/26,Embarque,Elizandra Moraes,BN PAPEIS,BN - PAPEL CATARINENSE LTDA,"CONVERTIDORA GESANET, SA DE CV",Documentos + Desembaraço,OCEANFREIGHT / FCL,FOB,20/04/2026,Previsão de chegada em Veracruz está para dia 01/05.,Itapoá,268606232,CSS LOG,"MAERSK CHAMBAL ",01/04/2026 12:00,31/03/2026,06/04/2026 18:00,06/04/2026,01/04/2026,31/03/2026,04/04/2026,10/04/2026,09/04/2026,,,31/03/2026,26BR0005679050,18/04/2026,01/05/2026,,06/04/2026,06/04/2026,07/04/2026
2125/26,Embarque,Elizandra Moraes,BN PAPEIS,BN - PAPEL CATARINENSE LTDA,COMERCIALIZADORA DE GRANOS Y SEMILLAS SAN LUIS SA,Documentos + Desembaraço,OCEANFREIGHT / FCL,FOB,20/04/2026,Previsão de chegada em Veracruz está para dia 01/05.,Itapoá,268606634,CSS LOG,"MAERSK CHAMBAL ",01/04/2026 12:00,01/04/2026,06/04/2026 18:00,06/04/2026,01/04/2026,01/04/2026,06/04/2026,10/04/2026,09/04/2026,,,01/04/2026,26BR0005753153,18/04/2026,01/05/2026,,06/04/2026,06/04/2026,07/04/2026
1950/26,Embarque,Sumaia Schneider,ARAGUAIA,ARAGUAIA INDUSTRIA DE OLEOS E PROTEINAS S.A.,ELBERSON INVESTMENTS PTE LTD,Desembaraço,OCEANFREIGHT / FCL,CIP,22/04/2026,"Confirmada a chegada em Santos em 17/04, previsão de saída está para 24/04.",Santos,267196291,MAERSK LINE A/S,ALIANCA LEBLON,31/03/2026 12:00,30/03/2026,02/04/2026 17:00,02/04/2026,31/03/2026,30/03/2026,31/03/2026,05/04/2026,05/04/2026,,"E2600182742 ",27/03/2026,26BR0005454091,,04/06/2026,,31/03/2026,31/03/2026,31/03/2026
1998/26,Embarque,Sumaia Schneider,ARAGUAIA,ARAGUAIA INDUSTRIA DE OLEOS E PROTEINAS S.A.,ELBERSON INVESTMENTS PTE LTD,Desembaraço,OCEANFREIGHT / FCL,CIP,23/04/2026,"Confirmada chegada em Santos em 17/04, previsão de partida está para 24/04.",Santos,267196426,MAERSK LINE A/S,ALIANCA LEBLON,31/03/2026 12:00,30/03/2026,02/04/2026 17:00,01/04/2026,31/03/2026,30/03/2026,31/03/2026,05/04/2026,05/04/2026,08/04/2026,"E2600182679 ",27/03/2026,26BR0005452145,,04/06/2026,,31/03/2026,31/03/2026,31/03/2026
1904/26,Embarque,Felipe Marcellino,INVICTUS,R.BRANDS LTDA,CONTROLES Y SEÑALES LTDA,Desembaraço,OCEANFREIGHT / LCL,FOB,24/04/2026,Embarque confirmado conforme tracking em 23/04,Santos,SSZSAI2604022,CRAFT (PORTO ALEGRE) 0005-63,LORI,31/03/2026 11:00,30/03/2026,17/04/2026 18:00,17/04/2026,,,02/04/2026,23/04/2026,23/04/2026,24/04/2026,,30/03/2026,26BR0005575808,,06/05/2026,,24/04/2026,24/04/2026,
1691/26,Embarque,Sumaia Schneider,QUIMSAR QUIMICA FINA LTDA,QUIMSAR QUIMICA FINA LTDA,GIVAUDAN DE MEXICO SA DE CV,Documentos + Desembaraço,OCEANFREIGHT / LCL,FCA,22/04/2026,"DU-E averbada, extrato enviado por e-mail e disponível na web.",Santos,SMDF0178796,DSV AIR & SEA BRASIL LTDA,PALENA,27/03/2026 15:00,27/03/2026,02/04/2026 12:00,02/04/2026,27/03/2026,27/03/2026,02/04/2026,13/04/2026,13/04/2026,24/03/2026,,24/03/2026,26BR0005167068,22/04/2026,29/04/2026,,09/04/2026,09/04/2026,16/04/2026
1489/26,Embarque,Elizandra Moraes,BN PAPEIS,BN - PAPEL CATARINENSE LTDA,COPSSA.,Documentos + Desembaraço,OCEANFREIGHT / FCL,FOB,20/04/2026,Previsão de chegada em Veracruz está para dia 29/04.,Itajaí (Porto),EBKG16195282,CSS LOG,PALENA,27/03/2026 12:00,26/03/2026,01/04/2026 12:00,01/04/2026,27/03/2026,26/03/2026,01/04/2026,09/04/2026,09/04/2026,,,26/03/2026,26BR0005357851,18/04/2026,29/04/2026,,06/04/2026,06/04/2026,07/04/2026
1695/26,Embarque,Sumaia Schneider,ARAGUAIA,ARAGUAIA INDUSTRIA DE OLEOS E PROTEINAS S.A.,ITALCOL S.A,Desembaraço,OCEANFREIGHT / FCL,CIP,24/04/2026,Unidades entregues ao importador em 22/04. Aguardamos devolução das unidades.,Porto Organizado de Vila do Conde,SAOG10601300,ONE - OCEAN NETWORK EXPRESS,LORRAINE,25/03/2026 14:00,24/03/2026,30/03/2026 17:00,27/03/2026,25/03/2026,24/03/2026,24/03/2026,02/04/2026,02/04/2026,,"E2600170040 ",24/03/2026,26BR0005164549,10/04/2026,14/04/2026,14/04/2026,27/03/2026,27/03/2026,30/03/2026
1696/26,Embarque,Sumaia Schneider,ARAGUAIA,ARAGUAIA INDUSTRIA DE OLEOS E PROTEINAS S.A.,ITALCOL S.A,Desembaraço,OCEANFREIGHT / FCL,CIP,20/04/2026,Aguardamos entrega da unidade ao importador e devolução do vazio.,Porto Organizado de Vila do Conde,SAOG10648700,ONE - OCEAN NETWORK EXPRESS,LORRAINE,25/03/2026 14:00,25/03/2026,30/03/2026 17:00,30/03/2026,25/03/2026,25/03/2026,27/03/2026,02/04/2026,02/04/2026,,"E2600180845 ",27/03/2026,26BR0005395095,10/04/2026,14/04/2026,14/04/2026,27/03/2026,27/03/2026,30/03/2026
1753/26,Embarque,Sumaia Schneider,ARAGUAIA,ARAGUAIA INDUSTRIA DE OLEOS E PROTEINAS S.A.,ITALCOL S.A,Desembaraço,OCEANFREIGHT / FCL,CIP,22/04/2026,Vazios devolvidos em 20/04 pelo importador.,Porto Organizado de Vila do Conde,SAOG10740700,ONE - OCEAN NETWORK EXPRESS,LORRAINE,25/03/2026 14:00,25/03/2026,30/03/2026 17:00,27/03/2026,25/03/2026,25/03/2026,25/03/2026,02/04/2026,02/04/2026,,"E2600174612 ",25/03/2026,26BR0005207612,10/04/2026,14/04/2026,14/04/2026,27/03/2026,27/03/2026,30/03/2026
2064/26,Embarque,Sumaia Schneider,DOCILE ALIMENTOS LTDA,DOCILE ALIMENTOS LTDA,MUNDI GLOBALES SA,Documentos + Desembaraço,OCEANFREIGHT / FCL,FOB,23/04/2026,Saída prevista de Cartagena está para 26/04.,Navegantes,ZIMUITJ8053693,SMX,LONCOMILLA,24/03/2026 16:00,24/03/2026,26/03/2026 12:00,26/03/2026,24/03/2026,24/03/2026,26/03/2026,29/03/2026,29/03/2026,07/04/2026,,26/03/2026,26BR0005282827,06/04/2026,02/05/2026,,02/04/2026,02/04/2026,06/04/2026
2066/26,Embarque,Sumaia Schneider,DOCILE ALIMENTOS LTDA,DOCILE ALIMENTOS LTDA,MUNDI GLOBALES SA,Documentos + Desembaraço,OCEANFREIGHT / FCL,FOB,23/04/2026,Saída prevista de Cartagena em 26/04.,Navegantes,ZIMUITJ8053691,SMX,LONCOMILLA,24/03/2026 16:00,24/03/2026,26/03/2026 12:00,26/03/2026,24/03/2026,24/03/2026,26/03/2026,29/03/2026,29/03/2026,07/04/2026,,26/03/2026,26BR0005288167,06/04/2026,02/05/2026,,02/04/2026,02/04/2026,06/04/2026
2058/26,Embarque,Sumaia Schneider,DOCILE ALIMENTOS LTDA,DOCILE ALIMENTOS LTDA,MUNDI GLOBALES SA,Documentos + Desembaraço,OCEANFREIGHT / FCL,FOB,23/04/2026,Saída prevista de Catagena em 26/04.,Navegantes,ZIMUITJ8053694,SMX,LONCOMILLA,24/03/2026 14:00,24/03/2026,26/03/2026 12:00,26/03/2026,24/03/2026,24/03/2026,26/03/2026,29/03/2026,29/03/2026,07/04/2026,,26/03/2026,26BR0005287152,06/04/2026,02/05/2026,,02/04/2026,02/04/2026,06/04/2026
2060/26,Embarque,Sumaia Schneider,DOCILE ALIMENTOS LTDA,DOCILE ALIMENTOS LTDA,MUNDI GLOBALES SA,Documentos + Desembaraço,OCEANFREIGHT / FCL,FOB,23/04/2026,Saída prevista no porto de Cartagena em 26/04.,Navegantes,ZIMUITJ8053692,SMX,LONCOMILLA,24/03/2026 14:00,24/03/2026,26/03/2026 12:00,26/03/2026,24/03/2026,24/03/2026,26/03/2026,29/03/2026,29/03/2026,07/04/2026,,26/03/2026,26BR0005283670,06/04/2026,02/05/2026,,02/04/2026,02/04/2026,06/04/2026
2057/26,Embarque,Sumaia Schneider,DOCILE ALIMENTOS LTDA,DOCILE ALIMENTOS LTDA,MUNDI GLOBALES SA,Documentos + Desembaraço,OCEANFREIGHT / FCL,FOB,23/04/2026,Saída prevista de Cartagena está para 26/04.,Navegantes,ZIMUITJ8053690,SMX,LONCOMILLA,24/03/2026 11:32,24/03/2026,26/03/2026 12:00,26/03/2026,24/03/2026,24/03/2026,26/03/2026,29/03/2026,29/03/2026,,,26/03/2026,26BR0005290161,06/04/2026,02/05/2026,,02/04/2026,02/04/2026,06/04/2026
1484/26,Embarque,Elizandra Moraes,RTN - TRATAMENTO DE MADEIRA LTDA,RTN - TRATAMENTO DE MADEIRA LTDA,NATIONAL TELECOM S.A (NATCOM),Frete + Documentos + Desembaraço,OCEANFREIGHT / FCL,FOB,20/04/2026,Previsão de chegada no transbordo de Freeport está para dia 11/05.,Rio Grande,EBKG16107898,MSC DO BRASIL LTDA.,MSC ROCHELLE,23/03/2026 12:00,18/03/2026,02/04/2026 12:00,01/04/2026,23/03/2026,18/03/2026,24/03/2026,05/04/2026,05/04/2026,14/04/2026,"E2600121625 ",17/03/2026,26BR0004647171,13/04/2026,26/05/2026,,16/04/2026,16/04/2026,16/04/2026
1383/26,Embarque,Felipe Marcellino,FAROS INDUSTRIA DE FARINHA DE OSSOS LTDA,FAROS INDUSTRIA DE FARINHA DE OSSOS LTDA,L.J. LINEN SIA,Frete,OCEANFREIGHT / FCL,CIP,23/04/2026,Previsão de chegada em ONNE alterada para 02/05,Rio Grande,EBKG15985161,MSC DO BRASIL LTDA.,MSC PETRA,20/03/2026 12:00,18/03/2026,24/03/2026 12:00,20/03/2026,20/03/2026,18/03/2026,20/03/2026,26/03/2026,26/03/2026,18/03/2026,,16/03/2026,26BR0004525475,,02/05/2026,,27/03/2026,27/03/2026,30/03/2026
1728/26,Embarque,Felipe Marcellino,FAROS INDUSTRIA DE FARINHA DE OSSOS LTDA,FAROS INDUSTRIA DE FARINHA DE OSSOS LTDA,L.J. LINEN SIA,Frete,OCEANFREIGHT / FCL,CIP,23/04/2026,"Aguardando confirmação de saída do transbordo WALVIS BAY, previsto para 25/04",Rio Grande,EBKG16146129,MSC DO BRASIL LTDA.,MSC PETRA,20/03/2026 12:00,19/03/2026,24/03/2026 12:00,24/03/2026,20/03/2026,19/03/2026,24/03/2026,26/03/2026,26/03/2026,,,19/03/2026,26BR0004861866,,04/06/2026,,27/03/2026,27/03/2026,30/03/2026
1460/26,Embarque,Elizandra Moraes,KORDSA BRASIL CENTRO DE DISTRIBUICAO,KORDSA BRASIL S.A,BRIDGESTONE ARGENTINA S.A.I.C.,Frete,OCEANFREIGHT / FCL,CFR,13/04/2026,Confirmada a chegada em Buenos Aires em 09/04. Aguardamos coleta de container no destino.,Santos,266910658,MAERSK LINE A/S,MAERSK GANGES,19/03/2026 12:00,17/03/2026,21/03/2026 12:00,21/03/2026,18/03/2026,17/03/2026,18/03/2026,23/03/2026,23/03/2026,,,16/03/2026,26BR0004555072,,09/04/2026,09/04/2026,24/03/2026,24/03/2026,24/03/2026
1682/26,Embarque,Roberta Rosa,EUROLATTE DO BRASIL INDUSTRIA E COMERCIO DE MAQUIN,EUROLATTE DO BRASIL INDUSTRIA E COMERCIO DE MAQUINAS LTDA,COOPERATIVA DE PRODUCTORES DE LECHE,Frete,OCEANFREIGHT / FCL,CIF,24/04/2026,Aguardando devolução do vazio.,Rio Grande,EBKG16177373,MSC DO BRASIL LTDA.,MSC BASEL V,17/03/2026 12:00,17/03/2026,19/03/2026 18:00,18/03/2026,17/03/2026,17/03/2026,,21/03/2026,21/03/2026,,,,26BR0004450815,,20/04/2026,20/04/2026,24/03/2026,24/03/2026,24/03/2026
1164/26,Embarque,Felipe Marcellino,FAROS INDUSTRIA DE FARINHA DE OSSOS LTDA,FAROS INDUSTRIA DE FARINHA DE OSSOS LTDA,FLEXUS INTERNATIONAL S/A,Frete,OCEANFREIGHT / FCL,CIP,23/04/2026,Previsão de chegada no transbordo HAMBANTOTA para 26/04,Rio Grande,EBKG15843792,MSC DO BRASIL LTDA.,VANTAGE,13/03/2026 18:00,12/03/2026,16/03/2026 18:00,13/03/2026,13/03/2026,12/03/2026,13/03/2026,18/03/2026,18/03/2026,,,12/03/2026,26BR0004322353,,19/05/2026,,19/03/2026,19/03/2026,19/03/2026
1248/26,Embarque,Felipe Marcellino,FAROS INDUSTRIA DE FARINHA DE OSSOS LTDA,FAROS INDUSTRIA DE FARINHA DE OSSOS LTDA,CRES INTERNATIONAL GENERAL TRADING LLC,Frete,OCEANFREIGHT / FCL,CIP,23/04/2026,Previsão de chegada no transbordo HAMBANTOTA para 26/04,Rio Grande,EBKG15912182,MSC DO BRASIL LTDA.,VANTAGE,13/03/2026 18:00,12/03/2026,16/03/2026 18:00,16/03/2026,13/03/2026,12/03/2026,16/03/2026,18/03/2026,18/03/2026,,,12/03/2026,26BR0004317449,,21/05/2026,,19/03/2026,19/03/2026,19/03/2026
1249/26,Embarque,Felipe Marcellino,FAROS INDUSTRIA DE FARINHA DE OSSOS LTDA,FAROS INDUSTRIA DE FARINHA DE OSSOS LTDA,ASIA POULTRY FEEDS PVT LTD,Frete,OCEANFREIGHT / FCL,CFR,23/04/2026,Previsão de chegada no transbordo HAMBANTOTA para 26/04,Rio Grande,EBKG15866844,MSC DO BRASIL LTDA.,VANTAGE,13/03/2026 18:00,05/03/2026,16/03/2026 12:00,11/03/2026,13/03/2026,05/03/2026,11/03/2026,18/03/2026,18/03/2026,,,04/03/2026,26BR0003773637,,24/05/2026,,19/03/2026,19/03/2026,19/03/2026
1690/26,Embarque,Felipe Marcellino,FAROS INDUSTRIA DE FARINHA DE OSSOS LTDA,FAROS INDUSTRIA DE FARINHA DE OSSOS LTDA,CRES INTERNATIONAL GENERAL TRADING LLC,Frete,OCEANFREIGHT / FCL,CIP,23/04/2026,Previsão de chegada no transbordo HAMBANTOTA para 26/04,Rio Grande,EBKG16107158,MSC DO BRASIL LTDA.,VANTAGE,13/03/2026 18:00,12/03/2026,16/03/2026 18:00,16/03/2026,13/03/2026,12/03/2026,16/03/2026,18/03/2026,18/03/2026,,,12/03/2026,26BR0004311459,,21/05/2026,,19/03/2026,19/03/2026,19/03/2026
1402/26,Embarque,Elizandra Moraes,IBRAC INDUSTRIA BRASILEIRA DE ADITIVOS E CONDIMENT,IBRAC INDUSTRIA BRASILEIRA DE ADITIVOS E CONDIMENTOS LTDA,AGROLAC DOMINICANA,Frete + Documentos + Desembaraço,OCEANFREIGHT / LCL,CIF,22/04/2026,Confirmada a chegada das mercadorias em Caucedo em 20/04.,Santos,SS0326PA00129,LEADERLOG (RS),ZIM IBERIA,10/03/2026 12:00,10/03/2026,10/03/2026 12:00,10/03/2026,10/03/2026,10/03/2026,10/03/2026,25/03/2026,25/03/2026,,,10/03/2026,26BR0004127178,03/04/2026,20/04/2026,20/04/2026,27/03/2026,27/03/2026,30/03/2026
1479/26,Embarque,Elizandra Moraes,BN PAPEIS,BN - PAPEL CATARINENSE LTDA,ADITIVOS Y PRODUCTOS TAZCAL S.A. DE C.V.,Documentos + Desembaraço,OCEANFREIGHT / FCL,FOB,20/04/2026,Previsão de chegada em Altamira permanece para dia 02/05.,Itajaí (Porto),EBKG16020403,CSS LOG,PALENA,09/03/2026 15:00,09/03/2026,25/03/2026 12:00,23/03/2026,09/03/2026,09/03/2026,21/03/2026,09/04/2026,09/04/2026,,,09/03/2026,26BR0004068953,18/04/2026,,,24/03/2026,24/03/2026,24/03/2026
1162/26,Embarque,Felipe Marcellino,SENHA FARINHA E OLEO LTDA,SENHA FARINHA E OLEO LTDA,FIRST GIWA FEEDS AND AGROTECH LTD.,Frete,OCEANFREIGHT / FCL,CIP,23/04/2026,Previsão de chegada em APAPA alterada para 28/04,Rio Grande,EBKG15807425,MSC DO BRASIL LTDA.,MSC PINA,06/03/2026 18:00,03/03/2026,09/03/2026 12:00,06/03/2026,05/03/2026,03/03/2026,06/03/2026,13/03/2026,13/03/2026,,,25/02/2026,26BR0003304785,,28/04/2026,,19/03/2026,19/03/2026,19/03/2026
1163/26,Embarque,Felipe Marcellino,FAROS INDUSTRIA DE FARINHA DE OSSOS LTDA,FAROS INDUSTRIA DE FARINHA DE OSSOS LTDA,ISRA FEED (PVT) LTD.,Frete,OCEANFREIGHT / FCL,CIP,23/04/2026,Previsão de chegada no porto de transbordo HAMBANTOTA alterada para 23/04,Rio Grande,EBKG15842493,MSC DO BRASIL LTDA.,MSC PINA,06/03/2026 18:00,05/03/2026,09/03/2026 12:00,06/03/2026,06/03/2026,05/03/2026,06/03/2026,13/03/2026,13/03/2026,,,04/03/2026,26BR0003811709,,15/05/2026,,17/03/2026,17/03/2026,17/03/2026
1250/26,Embarque,Felipe Marcellino,FAROS INDUSTRIA DE FARINHA DE OSSOS LTDA,FAROS INDUSTRIA DE FARINHA DE OSSOS LTDA,GHAZI BROTHERS,Frete,OCEANFREIGHT / FCL,CIP,23/04/2026,Previsão de chegada no porto de transbordo HAMBANTOTA alterada para 23/04,Rio Grande,EBKG15866890,MSC DO BRASIL LTDA.,MSC PINA,06/03/2026 18:00,06/03/2026,09/03/2026 12:00,06/03/2026,06/03/2026,06/03/2026,06/03/2026,13/03/2026,13/03/2026,,,04/03/2026,26BR0003788448,,16/05/2026,,17/03/2026,17/03/2026,17/03/2026
1246/26,Embarque,Felipe Marcellino,FAROS INDUSTRIA DE FARINHA DE OSSOS LTDA,FAROS INDUSTRIA DE FARINHA DE OSSOS LTDA,HARMONY SHIPPING & TRADING PTE LTD.,Frete,OCEANFREIGHT / FCL,CIP,23/04/2026,Previsão de chegada no porto de transbordo HAMBANTOTA alterada para 23/04,Rio Grande,EBKG15866793,MSC DO BRASIL LTDA.,MSC PINA,06/03/2026 12:00,05/03/2026,09/03/2026 12:00,05/03/2026,05/03/2026,05/03/2026,05/03/2026,13/03/2026,13/03/2026,,,04/03/2026,26BR0003801673,,16/05/2026,,17/03/2026,17/03/2026,17/03/2026
1247/26,Embarque,Felipe Marcellino,FAROS INDUSTRIA DE FARINHA DE OSSOS LTDA,FAROS INDUSTRIA DE FARINHA DE OSSOS LTDA,QADIR AGRO INDUSTRIES PVT LIMITED,Frete,OCEANFREIGHT / FCL,CIP,23/04/2026,Previsão de chegada no porto de transbordo HAMBANTOTA alterada para 23/04,Rio Grande,EBKG15912141,MSC DO BRASIL LTDA.,MSC PINA,06/03/2026 12:00,05/03/2026,09/03/2026 12:00,06/03/2026,05/03/2026,05/03/2026,06/03/2026,13/03/2026,13/03/2026,,,04/03/2026,26BR0003813850,,16/05/2026,,17/03/2026,17/03/2026,17/03/2026
1373/26,Embarque,Jessica Oliveira,POLO FILMS,POLO FILMS INDUSTRIA E COMERCIO S/A,PENN PAC,Desembaraço,OCEANFREIGHT / FCL,DDP,24/03/2026,Cópia do BL Final recebido nesta data.,Rio Grande,266326319,KUEHNE NAGEL SER LOG LTDA POAEHNE,MAERSK FORTALEZA,05/03/2026 12:00,27/02/2026,09/03/2026 12:00,06/03/2026,06/03/2026,27/02/2026,06/03/2026,17/03/2026,18/03/2026,20/03/2026,,26/02/2026,26BR0003420238,26/03/2026,12/04/2026,,07/04/2026,07/04/2026,08/04/2026
1111/26,Embarque,Sumaia Schneider,DOCILE ALIMENTOS LTDA,DOCILE ALIMENTOS LTDA,WISAM YOUSEFF AHMAD SHAHATEET HEBRON,Documentos + Desembaraço,OCEANFREIGHT / FCL,FOB,23/04/2026,ETA em ASHDOD permanece para 30/04.,Rio Grande,266314105,ETHIMA,SAN MARCO MAERSK,04/03/2026 18:00,04/03/2026,09/03/2026 12:00,06/03/2026,04/03/2026,04/03/2026,05/03/2026,11/03/2026,11/03/2026,11/03/2026,,05/03/2026,26BR0003882533,19/03/2026,30/04/2026,,13/03/2026,13/03/2026,16/03/2026
1422/26,Embarque,Sumaia Schneider,ARAGUAIA,ARAGUAIA INDUSTRIA DE OLEOS E PROTEINAS S.A.,ELBERSON INVESTMENTS PTE LTD,Documentos + Desembaraço,OCEANFREIGHT / FCL,CIP,23/04/2026,Previsão de chegada em Pusan em 05/05.,Porto Organizado de Vila do Conde,SAOG08576700,DMF LOGISTICS DO BRASIL LTDA.,MSC SOTIRIA III,04/03/2026 18:00,04/03/2026,12/03/2026 12:00,10/03/2026,04/03/2026,04/03/2026,06/03/2026,20/03/2026,20/03/2026,27/03/2026,"E2600126443 ",04/03/2026,26BR0003790787,28/03/2026,17/06/2026,,10/03/2026,10/03/2026,10/03/2026
1470/26,Embarque,Sumaia Schneider,DOCILE ALIMENTOS LTDA,DOCILE ALIMENTOS LTDA,MUNDI GLOBALES SA,Documentos + Desembaraço,OCEANFREIGHT / FCL,FOB,24/04/2026,"Unidade entregue ao importador em 22/04, vazio devolvido em 23/04.",Rio Grande,SAOG07842900,DMF LOGISTICS DO BRASIL LTDA.,JAZAN,04/03/2026 18:00,04/03/2026,06/03/2026 17:00,06/03/2026,04/03/2026,04/03/2026,05/03/2026,09/03/2026,09/03/2026,11/03/2026,,05/03/2026,26BR0003831165,17/03/2026,17/04/2026,17/04/2026,13/03/2026,13/03/2026,16/03/2026
1365/26,Embarque,Elizandra Moraes,BN PAPEIS,BN - PAPEL CATARINENSE LTDA,ONECK PAPER CO LLC,Frete + Documentos + Desembaraço,OCEANFREIGHT / FCL,FOB,20/04/2026,Confirmada a saida de Balboa em 17/04 e previsão de chegada em Manzanillo está para dia 23/04.,Itapoá,266690229 / S2602898686,CRAFT (PORTO ALEGRE) 0005-63,MAERSK PANGANI,04/03/2026 12:00,04/03/2026,09/03/2026 12:00,09/03/2026,03/03/2026,04/03/2026,08/03/2026,12/03/2026,11/03/2026,,,04/03/2026,26BR0003748616,20/03/2026,23/04/2026,,12/03/2026,12/03/2026,13/03/2026
902/26,Embarque,Felipe Marcellino,FAROS INDUSTRIA DE FARINHA DE OSSOS LTDA,FAROS INDUSTRIA DE FARINHA DE OSSOS LTDA,FLEXUS INTERNATIONAL S/A,Frete,OCEANFREIGHT / FCL,CIP,23/04/2026,Aguardando nova previsão de saída para o destino final.,Rio Grande,EBKG15730352,MSC DO BRASIL LTDA.,MSC ANTIGUA,27/02/2026 18:00,27/02/2026,02/03/2026 12:00,02/03/2026,27/02/2026,27/02/2026,02/03/2026,05/03/2026,05/03/2026,,,25/02/2026,26BR0003321426,,03/05/2026,,12/03/2026,12/03/2026,12/03/2026
1245/26,Embarque,Felipe Marcellino,FAROS INDUSTRIA DE FARINHA DE OSSOS LTDA,FAROS INDUSTRIA DE FARINHA DE OSSOS LTDA,SHAHZOR FEEDS PVT LTD,Frete,OCEANFREIGHT / FCL,CIP,23/04/2026,Aguardando nova previsão de saída para o destino final.,Rio Grande,EBKG15827149,MSC DO BRASIL LTDA.,MSC ANTIGUA,27/02/2026 12:00,27/02/2026,02/03/2026 12:00,02/03/2026,26/02/2026,27/02/2026,02/03/2026,05/03/2026,05/03/2026,,,26/02/2026,26BR0003359180,,04/05/2026,,12/03/2026,12/03/2026,12/03/2026
1177/26,Embarque,Sumaia Schneider,DOCILE ALIMENTOS LTDA,DOCILE ALIMENTOS LTDA,"AND D CO, LTD",Desembaraço,OCEANFREIGHT / FCL,FOB,24/04/2026,Previsão de chegada para o destino final está para 25/04,Rio Grande,SAOG07475400,V & M LOGISTICA INTERNACIONAL,ONE STRENGHT,26/02/2026 14:00,26/02/2026,06/03/2026 12:00,06/03/2026,26/02/2026,26/02/2026,03/03/2026,08/03/2026,08/03/2026,09/03/2026,,03/03/2026,26BR0003675368,16/03/2026,25/04/2026,,13/03/2026,13/03/2026,16/03/2026
728/26,Embarque,Felipe Marcellino,FAROS INDUSTRIA DE FARINHA DE OSSOS LTDA,FAROS INDUSTRIA DE FARINHA DE OSSOS LTDA,CRES INTERNATIONAL GENERAL TRADING LLC,Frete,OCEANFREIGHT / FCL,CIP,23/04/2026,Previsão de chegada em MUNDRA alterada para 28/04,Rio Grande,EBKG15654335,MSC DO BRASIL LTDA.,MSC ANTONELLA,21/02/2026 12:00,20/02/2026,24/02/2026 12:00,24/02/2026,19/02/2026,20/02/2026,23/02/2026,26/02/2026,26/02/2026,,,18/02/2036,26BR0002825269,,01/05/2026,,11/03/2026,11/03/2026,11/03/2026
742/26,Embarque,Felipe Marcellino,FAROS INDUSTRIA DE FARINHA DE OSSOS LTDA,FAROS INDUSTRIA DE FARINHA DE OSSOS LTDA,BILAL AND CO,Frete,OCEANFREIGHT / FCL,CIP,23/04/2026,Previsão de chegada em MUNDRA alterada para 28/04,Rio Grande,EBKG15672103,MSC DO BRASIL LTDA.,MSC ANTONELLA,21/02/2026 12:00,20/02/2026,24/02/2026 12:00,24/02/2026,20/02/2026,20/02/2026,20/02/2026,26/02/2026,26/02/2026,,,18/02/2026,26BR0002782276,,01/05/2026,,11/03/2026,11/03/2026,11/03/2026
805/26,Embarque,Felipe Marcellino,FAROS INDUSTRIA DE FARINHA DE OSSOS LTDA,FAROS INDUSTRIA DE FARINHA DE OSSOS LTDA,SHAHZOR FEEDS PVT LTD,Frete,OCEANFREIGHT / FCL,CIP,23/04/2026,Previsão de chegada em MUNDRA alterada para 28/04,Rio Grande,EBKG15687977,MSC DO BRASIL LTDA.,MSC ANTONELLA,21/02/2026 12:00,20/02/2026,24/02/2026 12:00,24/02/2026,20/02/2026,20/02/2026,23/02/2026,26/02/2026,26/02/2026,,,19/02/2026,26BR0002848870,,01/05/2026,,11/03/2026,11/03/2026,11/03/2026
1151/26,Embarque,Felipe Marcellino,FAROS INDUSTRIA DE FARINHA DE OSSOS LTDA,FAROS INDUSTRIA DE FARINHA DE OSSOS LTDA,HARMONY SHIPPING & TRADING PTE LTD.,Frete,OCEANFREIGHT / FCL,CIP,23/04/2026,Previsão de chegada em MUNDRA alterada para 28/04,Rio Grande,EBKG15825613,MSC DO BRASIL LTDA.,MSC ANTONELLA,21/02/2026 12:00,19/02/2026,24/02/2026 12:00,25/02/2026,20/02/2026,19/02/2026,24/02/2026,26/02/2026,26/02/2026,,,18/02/2026,26BR0002766858,,01/05/2026,,11/03/2026,11/03/2026,11/03/2026
1256/26,Embarque,Felipe Marcellino,FAROS INDUSTRIA DE FARINHA DE OSSOS LTDA,FAROS INDUSTRIA DE FARINHA DE OSSOS LTDA,CRES INTERNATIONAL GENERAL TRADING LLC,Frete,OCEANFREIGHT / FCL,CIP,23/04/2026,Previsão de chegada em MUNDRA alterada para 28/04,Rio Grande,EBKG15911690,MSC DO BRASIL LTDA.,MSC ANTONELLA,21/02/2026 12:00,20/02/2026,24/02/2026 12:00,24/02/2026,20/02/2026,20/02/2026,21/02/2026,26/02/2026,26/02/2026,,,19/02/2026,26BR0002914024,,01/05/2026,,11/03/2026,11/03/2026,11/03/2026
1028/26,Embarque,Elizandra Moraes,IBRAC INDUSTRIA BRASILEIRA DE ADITIVOS E CONDIMENT,IBRAC INDUSTRIA BRASILEIRA DE ADITIVOS E CONDIMENTOS LTDA,MOST. T INDUSTRIA E SERVIÇOS SU LDA,Frete + Documentos + Desembaraço,OCEANFREIGHT / FCL,CIF,23/04/2026,Previsão de chegada no destino final atualizada para dia 25/04.,Santos,EBKG15766380,MSC DO BRASIL LTDA.,MSC ANTONELLA,20/02/2026 18:00,20/02/2026,02/03/2026 12:00,28/03/2026,19/02/2026,20/02/2026,27/02/2026,05/03/2026,06/03/2026,,,23/02/2026,26BR0003086958,14/03/2026,25/04/2026,,08/04/2026,08/04/2026,09/04/2026
1034/26,Embarque,Elizandra Moraes,POLYMEX - INDUSTRIA E COMERCIO DE EMBALAGENS LTDA,POLYMEX - INDUSTRIA E COMERCIO DE EMBALAGENS LTDA,MOST. T INDUSTRIA E SERVIÇOS SU LDA,Frete + Documentos + Desembaraço,OCEANFREIGHT / FCL,CIF,23/04/2026,Previsão de chegada no destino final atualizada para dia 25/04.,Santos,EBKG15766380,MSC DO BRASIL LTDA.,MSC ANTONELLA,20/02/2026 18:00,20/02/2026,02/03/2026 12:00,28/03/2026,19/02/2026,20/02/2026,27/02/2026,05/03/2026,06/03/2026,,,23/02/2026,26BR0003085722,14/03/2026,25/04/2026,,17/04/2026,17/04/2026,20/04/2026
581/26,Embarque,Felipe Marcellino,HS MADEIRAS,HS MADEIRAS LTDA,MARWOOD GROUP LTD.,Frete + Documentos + Desembaraço,OCEANFREIGHT / FCL,CIF,23/04/2026,Containers alocados no BL 268745163 embarcaram para o destino final em 21/04. Previsão de chegada em LONDON GATEWAY em 29/04,Rio Grande,"265526524, 267597840, 268745163",LEADERLOG (RS),MAERSK LAGUNA,19/02/2026 12:00,18/02/2026,23/02/2026 12:00,16/02/2026,19/02/2026,18/02/2026,16/02/2026,26/02/2026,26/02/2026,03/03/2026,,13/02/2026,26BR0002637535,06/03/2026,31/03/2026,31/03/2026,19/03/2026,19/03/2026,20/03/2026
526/26,Embarque,Sumaia Schneider,ARAGUAIA,ARAGUAIA INDUSTRIA DE OLEOS E PROTEINAS S.A.,ELBERSON INVESTMENTS PTE LTD,Desembaraço,OCEANFREIGHT / FCL,CIP,23/04/2026,Previsão de saída do porto de Singapore está para 28/04.,Santos,265821283,MAERSK LINE A/S,ALIANCA LEBLON,17/02/2026 12:00,10/02/2026,20/02/2026 12:00,18/02/2026,17/02/2026,10/02/2026,18/02/2026,23/02/2026,23/02/2026,,"E2600079301 ",10/02/2026,26BR0002355955,19/03/2026,30/04/2026,,19/02/2026,19/02/2026,19/02/2026
378/26,Embarque,Felipe Marcellino,FAROS INDUSTRIA DE FARINHA DE OSSOS LTDA,FAROS INDUSTRIA DE FARINHA DE OSSOS LTDA,MULTAN FEEDS (PRIVATE LIMITED),Frete,OCEANFREIGHT / FCL,CIP,23/04/2026,Chegada em MUNDRA confirmada em 19/04. Aguardando previsão de saída para o destino final.,Rio Grande,EBKG15526263,MSC DO BRASIL LTDA.,MSC DOMITILLE,13/02/2026 18:00,06/02/2026,16/02/2026 12:00,11/02/2026,06/02/2026,06/02/2026,11/02/2026,19/02/2026,18/02/2026,,,04/02/2026,26BR0002001860,,28/04/2026,,26/02/2026,26/02/2026,27/02/2026
386/26,Embarque,Felipe Marcellino,FAROS INDUSTRIA DE FARINHA DE OSSOS LTDA,FAROS INDUSTRIA DE FARINHA DE OSSOS LTDA,SABIRS' FEEDS PVT LTD,Frete,OCEANFREIGHT / FCL,CIP,23/04/2026,Chegada em MUNDRA confirmada em 19/04. Aguardando previsão de saída para o destino final.,Rio Grande,EBKG15504285,MSC DO BRASIL LTDA.,MSC DOMITILLE,13/02/2026 18:00,06/02/2026,16/02/2026 12:00,11/02/2026,06/02/2026,06/02/2026,11/02/2026,19/02/2026,18/02/2026,,,04/02/2026,26BR0002000901,,28/04/2026,,26/02/2026,26/02/2026,27/02/2026
393/26,Embarque,Felipe Marcellino,FAROS INDUSTRIA DE FARINHA DE OSSOS LTDA,FAROS INDUSTRIA DE FARINHA DE OSSOS LTDA,CRES INTERNATIONAL GENERAL TRADING LLC,Frete,OCEANFREIGHT / LCL,CIP,23/04/2026,Chegada em MUNDRA confirmada em 19/04. Aguardando previsão de saída para o destino final.,Rio Grande,EBKG15504345,MSC DO BRASIL LTDA.,MSC DOMITILLE,13/02/2026 18:00,06/02/2026,16/02/2026 12:00,11/02/2026,06/02/2026,06/02/2026,11/02/2026,19/02/2026,18/02/2026,,,05/02/2026,26BR0002021283,,28/04/2026,,26/02/2026,26/02/2026,27/02/2026
724/26,Embarque,Felipe Marcellino,FAROS INDUSTRIA DE FARINHA DE OSSOS LTDA,FAROS INDUSTRIA DE FARINHA DE OSSOS LTDA,CRES INTERNATIONAL GENERAL TRADING LLC,Frete,OCEANFREIGHT / FCL,CIP,23/04/2026,Chegada em MUNDRA confirmada em 19/04. Aguardando previsão de saída para o destino final.,Rio Grande,EBKG15638398,MSC DO BRASIL LTDA.,MSC DOMITILLE,13/02/2026 18:00,06/02/2026,16/02/2026 12:00,10/02/2026,06/02/2026,06/02/2026,10/02/2026,19/02/2026,18/02/2026,,,05/02/2026,26BR0002023391,,28/04/2026,,26/02/2026,26/02/2026,27/02/2026
729/26,Embarque,Felipe Marcellino,FAROS INDUSTRIA DE FARINHA DE OSSOS LTDA,FAROS INDUSTRIA DE FARINHA DE OSSOS LTDA,CRES INTERNATIONAL GENERAL TRADING LLC,Frete,OCEANFREIGHT / FCL,CIP,23/04/2026,Chegada em MUNDRA confirmada em 19/04. Aguardando previsão de saída para o destino final.,,EBKG15651409,MSC DO BRASIL LTDA.,MSC DOMITILLE,13/02/2026 18:00,13/02/2026,18/02/2026 18:00,18/02/2026,13/02/2026,13/02/2026,17/02/2026,21/02/2026,21/02/2026,,,13/02/2026,26BR0002592434,,28/04/2026,,26/02/2026,26/02/2026,27/02/2026
732/26,Embarque,Felipe Marcellino,FAROS INDUSTRIA DE FARINHA DE OSSOS LTDA,FAROS INDUSTRIA DE FARINHA DE OSSOS LTDA,SHAHZOR FEEDS PVT LTD,Frete,OCEANFREIGHT / FCL,CIP,23/04/2026,Chegada em MUNDRA confirmada em 19/04. Aguardando previsão de saída para o destino final.,,EBKG15651442,MSC DO BRASIL LTDA.,MSC DOMITILLE,13/02/2026 18:00,13/02/2026,18/02/2026 18:00,18/02/2026,13/02/2026,13/02/2026,18/02/2026,21/02/2026,21/02/2026,,,13/02/2026,26BR0002603967,,28/04/2026,,26/02/2026,26/02/2026,27/02/2026
1148/26,Embarque,Felipe Marcellino,FAROS INDUSTRIA DE FARINHA DE OSSOS LTDA,FAROS INDUSTRIA DE FARINHA DE OSSOS LTDA,CRES INTERNATIONAL GENERAL TRADING LLC,Frete,OCEANFREIGHT / FCL,CIP,23/04/2026,Chegada em MUNDRA confirmada em 19/04. Aguardando previsão de saída para o destino final.,,EBKG15827472,MSC DO BRASIL LTDA.,MSC DOMITILLE,13/02/2026 18:00,13/02/2026,18/02/2026 18:00,18/02/2026,13/02/2026,13/02/2026,18/02/2026,21/02/2026,21/02/2026,,,13/02/2026,26BR0002584989,,28/04/2026,,26/02/2026,26/02/2026,27/02/2026
1149/26,Embarque,Felipe Marcellino,FAROS INDUSTRIA DE FARINHA DE OSSOS LTDA,FAROS INDUSTRIA DE FARINHA DE OSSOS LTDA,CRES INTERNATIONAL GENERAL TRADING LLC,Frete,OCEANFREIGHT / FCL,CIP,23/04/2026,Chegada em MUNDRA confirmada em 19/04. Aguardando previsão de saída para o destino final.,,EBKG15827676,MSC DO BRASIL LTDA.,MSC DOMITILLE,13/02/2026 18:00,12/02/2026,18/02/2026 18:00,18/02/2026,13/02/2026,12/02/2026,18/02/2026,21/02/2026,21/02/2026,,,12/02/2026,26BR0002552858,,28/04/2026,,26/02/2026,26/02/2026,27/02/2026
88/26,Embarque,Sumaia Schneider,ARAGUAIA,ARAGUAIA INDUSTRIA DE OLEOS E PROTEINAS S.A.,ELBERSON INVESTMENTS PTE LTD,Desembaraço,OCEANFREIGHT / FCL,CIP,23/04/2026,Previsão de saída do porto de Singapore está para 01/05.,Santos,265821061,MAERSK LINE A/S,ALIANCA LEBLON,11/02/2026 12:00,09/02/2026,13/02/2026 12:00,11/02/2026,11/02/2026,10/02/2026,11/02/2026,16/02/2026,15/02/2026,05/03/2026,E2600079214,11/02/2026,26BR0002397798,27/03/2026,04/05/2026,,19/02/2026,19/02/2026,19/02/2026
749/26,Embarque,Elizandra Moraes,SANCOFFEE-COOPERATIVA DE CAFEICULTORES LTDA,SANCOFFEE-COOPERATIVA DE CAFEICULTORES LTDA,MIRA MAR 08 (Dabov Coffee),Frete,OCEANFREIGHT / FCL,FOB,13/04/2026,Previsão de saida do porto de Taranto atualizado para dia 26/04.,Santos,265809169,MAERSK LINE A/S,W KYRENIA,10/02/2026 12:00,10/02/2026,12/02/2026 12:00,12/02/2026,09/02/2026,10/02/2026,12/02/2026,21/02/2026,20/02/2026,,,11/02/2026,26BR0002438710,,06/05/2026,,25/02/2026,25/02/2026,25/02/2026
6506/25,Embarque,Elizandra Moraes,RTN - TRATAMENTO DE MADEIRA LTDA,RTN - TRATAMENTO DE MADEIRA LTDA,NATIONAL TELECOM S.A (NATCOM),Frete + Documentos + Desembaraço,OCEANFREIGHT / FCL,FOB,20/04/2026,Confirmada a devolução de 6/9. Aguardamos a devolução dos 4 CNTRs.,Rio Grande,24931815,COMPANHIA LIBRA DE NAVEGACAO,LE HAVRE EXPRESS,05/02/2026 18:00,05/02/2026,06/02/2026 17:00,06/02/2026,05/02/2026,05/02/2026,06/02/2026,11/02/2026,10/02/2026,05/02/2026,,05/02/2026,26BR0002082614,18/02/2026,18/03/2026,11/03/2026,26/02/2026,26/02/2026,27/02/2026
762/26,Embarque,Elizandra Moraes,CCQM - COMERCIAL CATARINENSE QUIMICA E METAIS LTDA,CCQM - COMERCIAL CATARINENSE QUIMICA E METAIS LTDA,"ICT-INDUSTRIAL CHEMICALS TRADING CO.,LTD.",Frete,OCEANFREIGHT / FCL,CFR,02/04/2026,Confirmada a devolução de vazio em 31/03.,Itajaí (Porto),SAOG04450800,LEADERLOG (RS),LE HAVRE EXPRESS,05/02/2026 14:00,05/02/2026,09/02/2026 18:00,09/02/2026,05/02/2026,04/02/2026,03/02/2026,13/02/2026,13/02/2026,,,28/01/2026,26BR0001475990,,15/03/2026,16/03/2026,26/02/2026,26/02/2026,26/02/2026
770/26,Embarque,Elizandra Moraes,CCQM - COMERCIAL CATARINENSE QUIMICA E METAIS LTDA,CCQM - COMERCIAL CATARINENSE QUIMICA E METAIS LTDA,"ICT-INDUSTRIAL CHEMICALS TRADING CO.,LTD.",Frete,OCEANFREIGHT / FCL,CFR,02/04/2026,Confirmada a devolução de container vazio em 30/03.,Itajaí (Porto),SAOG04452300,LEADERLOG (RS),LE HAVRE EXPRESS,05/02/2026 14:00,05/02/2026,09/02/2026 18:00,09/02/2026,05/02/2026,05/02/2026,03/02/2026,12/02/2026,13/02/2026,,,28/01/2026,26BR0001475620,,15/03/2026,16/03/2026,26/02/2026,26/02/2026,27/02/2026
439/26,Embarque,Sumaia Schneider,DOCILE ALIMENTOS LTDA,DOCILE ALIMENTOS LTDA,ATITUDE E DISCIPLINA COM DE PROD ALIMENTARES LDA,Documentos + Desembaraço,OCEANFREIGHT / FCL,FOB,23/04/2026,Aguardamos liberação da unidade ao importador e devolução do vazio.,Rio Grande,265261713,ALLOG GROUP,MAERSK LONDRINA,05/02/2026 10:30,05/02/2026,09/02/2026 12:00,09/02/2026,05/02/2026,05/02/2026,05/02/2026,03/03/2026,03/03/2026,05/03/2026,,05/02/2026,26BR0002028113,11/03/2026,07/04/2026,07/04/2026,12/02/2026,12/02/2026,12/02/2026
933/26,Embarque,Sumaia Schneider,DOCILE ALIMENTOS LTDA,DOCILE ALIMENTOS LTDA,LICA S A DE C V,Documentos + Desembaraço,OCEANFREIGHT / FCL,FOB,23/04/2026,Aguardamos confirmação de saída do porto de Rodman.,Rio Grande,EBKG15606257,AMTRANS LOGISTICS,MSC LUDOVICA,03/02/2026 18:00,03/02/2026,07/02/2026 12:00,04/02/2026,03/02/2026,03/02/2026,03/02/2026,09/02/2026,08/02/2026,09/02/2026,,03/02/2026,26BR0001902685,16/02/2026,27/03/2026,,12/02/2026,12/02/2026,12/02/2026
593/26,Embarque,Sumaia Schneider,DOCILE ALIMENTOS LTDA,DOCILE ALIMENTOS LTDA,A.WAHAB IMPORTS,Documentos + Desembaraço,OCEANFREIGHT / FCL,FOB,23/04/2026,Aguardamos devolução dos vazios.,Santos,SSZ1738059,DMF LOGISTICS DO BRASIL LTDA.,LOG IN JATOBA,02/02/2026 18:00,02/02/2026,05/02/2026 12:00,05/02/2026,02/02/2026,02/02/2026,05/02/2026,07/02/2026,06/02/2026,09/02/2026,,05/02/2026,26BR0002022832,20/02/2026,23/03/2026,22/03/2026,12/02/2026,12/02/2026,12/02/2026
747/26,Embarque,Sumaia Schneider,DOCILE ALIMENTOS LTDA,DOCILE ALIMENTOS LTDA,KUWAIT FINANCE HOUSE K.S.C.,Frete + Desembaraço,OCEANFREIGHT / FCL,FOB,22/04/2026,"Conforme instrução recebida pelo importador, devemos aguardar para alteração da reserva, devido ao cenário político ainda não estar definido.",Rio Grande,27934013,HAPAG LLOYD AKTIENGESELLSCHATT - DE,LAEM CHABANG EXPRESS,02/02/2026 18:00,02/02/2026,05/02/2026 18:00,03/02/2026,02/02/2026,02/02/2026,03/02/2026,07/02/2026,07/02/2026,18/02/2026,,03/02/2026,26BR0001856764,15/02/2026,21/04/2026,,12/02/2026,12/02/2026,12/02/2026
547/26,Embarque,Sumaia Schneider,DOCILE ALIMENTOS LTDA,DOCILE ALIMENTOS LTDA,CROWN BRANDS,Frete + Documentos + Desembaraço,OCEANFREIGHT / FCL,CFR,24/04/2026,Aguardamos liberação das unidades ao importador bem como a devolução dos vazios.,Rio Grande,SAOG03263900,ONE - OCEAN NETWORK EXPRESS,HYUNDAI DYNASTY,29/01/2026 14:00,29/01/2026,31/01/2026 12:00,31/01/2026,29/01/2026,29/01/2026,30/01/2026,05/02/2026,04/02/2026,18/02/2026,,30/01/2026,26BR0001714510,12/02/2026,13/04/2026,13/04/2026,12/02/2026,12/02/2026,12/02/2026
36/26,Embarque,Felipe Marcellino,FAROS INDUSTRIA DE FARINHA DE OSSOS LTDA,FAROS INDUSTRIA DE FARINHA DE OSSOS LTDA,SABIRS' FEEDS PVT LTD,Frete,OCEANFREIGHT / FCL,CIP,23/04/2026,Chegada em MUNDRA confirmada em 19/04. Aguardando previsão de saída para o destino final.,Rio Grande,EBKG15392880,MSC DO BRASIL LTDA.,MSC DOMITILLE,23/01/2026 18:00,23/01/2026,26/01/2026 18:00,24/01/2026,23/01/2026,23/01/2026,24/01/2026,19/02/2026,18/02/2026,,,21/01/2026,26BR0001072798,,28/04/2026,,26/02/2026,26/02/2026,27/02/2026
665/26,Embarque,Felipe Marcellino,FAROS INDUSTRIA DE FARINHA DE OSSOS LTDA,FAROS INDUSTRIA DE FARINHA DE OSSOS LTDA,SABIRS' FEEDS PVT LTD,Frete,OCEANFREIGHT / FCL,CIP,23/04/2026,Chegada em MUNDRA confirmada em 19/04. Aguardando previsão de saída para o destino final.,Rio Grande,EBKG15637626,MSC DO BRASIL LTDA.,MSC DOMITILLE,23/01/2026 18:00,26/01/2026,26/01/2026 18:00,26/01/2026,23/01/2026,26/01/2026,16/01/2026,19/02/2026,18/02/2026,,,15/01/2026,26BR0000657814,,28/04/2026,,11/03/2026,11/03/2026,24/03/2026
6495/25,Embarque,Felipe Marcellino,FAROS INDUSTRIA DE FARINHA DE OSSOS LTDA,FAROS INDUSTRIA DE FARINHA DE OSSOS LTDA,SHAHZOR FEEDS PVT LTD,Frete,OCEANFREIGHT / FCL,CIP,23/04/2026,Carga está armazenada em ABU DHABI devido conflito no Oriente Médio. Aguardando definição do shipper,Rio Grande,EBKG15271628,MSC DO BRASIL LTDA.,SANTA LORETTA,09/01/2026 18:00,09/01/2026,13/01/2026 18:00,13/01/2026,09/01/2026,09/01/2026,13/01/2026,15/01/2026,15/01/2026,,,07/01/2026,26BR0000215820,,10/03/2026,,22/01/2026,22/01/2026,22/01/2026
6106/25,Embarque,Felipe Marcellino,FAROS INDUSTRIA DE FARINHA DE OSSOS LTDA,FAROS INDUSTRIA DE FARINHA DE OSSOS LTDA,MULTAN FEEDS (PRIVATE LIMITED),Frete,OCEANFREIGHT / FCL,CIP,23/04/2026,Carga está armazenada em ABU DHABI devido conflito no Oriente Médio. Aguardando definição do shipper,Rio Grande,EBKG15080864,MSC DO BRASIL LTDA.,MSC YASHI B,02/01/2026 18:00,26/12/2025,06/01/2026 18:00,05/01/2026,26/12/2025,26/12/2025,05/01/2026,11/01/2026,11/01/2026,,,23/12/2025,25BR0024001021,,09/03/2026,,21/01/2026,21/01/2026,21/01/2026
6134/25,Embarque,Felipe Marcellino,FAROS INDUSTRIA DE FARINHA DE OSSOS LTDA,FAROS INDUSTRIA DE FARINHA DE OSSOS LTDA,SABIRS' FEEDS PVT LTD,Frete,OCEANFREIGHT / FCL,CIP,23/04/2026,Carga está armazenada em ABU DHABI devido conflito no Oriente Médio. Aguardando definição do shipper,Rio Grande,EBKG15083373,MSC DO BRASIL LTDA.,MSC YASHI B,02/01/2026 18:00,26/12/2025,06/01/2026 18:00,03/01/2026,26/12/2025,26/12/2025,03/01/2026,11/01/2026,11/01/2026,,,22/12/2025,25BR0023948319,,09/03/2026,,21/01/2026,21/01/2026,21/01/2026
6264/25,Embarque,Felipe Marcellino,FAROS INDUSTRIA DE FARINHA DE OSSOS LTDA,FAROS INDUSTRIA DE FARINHA DE OSSOS LTDA,FLEXUS INTERNATIONAL S/A,Frete,OCEANFREIGHT / FCL,CIP,23/04/2026,Carga está armazenada em ABU DHABI devido conflito no Oriente Médio. Aguardando definição do shipper,Rio Grande,EBKG15130057,MSC DO BRASIL LTDA.,MSC YASHI B,02/01/2026 18:00,26/12/2025,06/01/2026 18:00,03/01/2026,26/12/2025,26/12/2025,03/01/2026,11/01/2026,11/01/2026,,,23/12/2025,25BR0023987381,,09/03/2026,,21/01/2026,21/01/2026,21/01/2026
6265/25,Embarque,Felipe Marcellino,FAROS INDUSTRIA DE FARINHA DE OSSOS LTDA,FAROS INDUSTRIA DE FARINHA DE OSSOS LTDA,CRES INTERNATIONAL GENERAL TRADING LLC,Frete,OCEANFREIGHT / FCL,CIP,23/04/2026,Carga está armazenada em ABU DHABI devido conflito no Oriente Médio. Aguardando definição do shipper,Rio Grande,EBKG15130069,MSC DO BRASIL LTDA.,MSC YASHI B,02/01/2026 18:00,26/12/2025,06/01/2026 18:00,05/01/2026,27/12/2025,26/12/2025,05/01/2026,11/01/2026,11/01/2026,,,23/12/2025,25BR0023988906,,08/03/2026,,21/01/2026,21/01/2026,21/01/2026
6266/25,Embarque,Felipe Marcellino,FAROS INDUSTRIA DE FARINHA DE OSSOS LTDA,FAROS INDUSTRIA DE FARINHA DE OSSOS LTDA,CRES INTERNATIONAL GENERAL TRADING LLC,Frete,OCEANFREIGHT / FCL,CIP,23/04/2026,Carga está armazenada em ABU DHABI devido conflito no Oriente Médio. Aguardando definição do shipper,Rio Grande,EBKG15130078,MSC DO BRASIL LTDA.,MSC YASHI B,02/01/2026 18:00,26/12/2025,06/01/2026 18:00,03/01/2026,27/12/2025,26/12/2025,03/01/2026,11/01/2026,11/01/2026,,,22/12/2025,25BR0023921585,,09/03/2026,,21/01/2026,21/01/2026,21/01/2026
6369/25,Embarque,Felipe Marcellino,FAROS INDUSTRIA DE FARINHA DE OSSOS LTDA,FAROS INDUSTRIA DE FARINHA DE OSSOS LTDA,CRES INTERNATIONAL GENERAL TRADING LLC,Frete,OCEANFREIGHT / FCL,CIP,23/04/2026,Carga está armazenada em ABU DHABI devido conflito no Oriente Médio. Aguardando definição do shipper,Rio Grande,EBKG15203506,MSC DO BRASIL LTDA.,MSC YASHI B,02/01/2026 18:00,31/12/2025,06/01/2026 18:00,03/01/2026,02/01/2026,31/12/2025,03/01/2026,11/01/2026,11/01/2026,,,30/12/2025,25BR0024262453,,09/03/2026,,21/01/2026,21/01/2026,26/01/2026
6370/25,Embarque,Felipe Marcellino,FAROS INDUSTRIA DE FARINHA DE OSSOS LTDA,FAROS INDUSTRIA DE FARINHA DE OSSOS LTDA,GHAZI BROTHERS,Frete,OCEANFREIGHT / FCL,CIP,23/04/2026,Carga está armazenada em ABU DHABI devido conflito no Oriente Médio. Aguardando definição do shipper,Rio Grande,EBKG15203540,MSC DO BRASIL LTDA.,MSC YASHI B,02/01/2026 18:00,31/12/2025,06/01/2026 18:00,06/01/2026,02/01/2026,31/12/2025,06/01/2026,11/01/2026,11/01/2026,,,30/12/2025,25BR0024279429,,09/03/2026,,21/01/2026,21/01/2026,21/01/2026
5872/25,Embarque,Elizandra Moraes,RTN - TRATAMENTO DE MADEIRA LTDA,RTN - TRATAMENTO DE MADEIRA LTDA,NATIONAL TELECOM S.A (NATCOM),Frete + Documentos + Desembaraço,OCEANFREIGHT / FCL,FOB,20/04/2026,Aguardamos a devolução do container CAIU9041527.,Rio Grande,EBKG14969167,MSC DO BRASIL LTDA.,MSC MAGNUM VII,11/12/2025 18:00,09/12/2025,12/12/2025 12:00,09/12/2025,11/12/2025,10/12/2025,09/12/2025,22/12/2025,22/12/2025,,", E2500701357",09/12/2025,25BR0023005821,30/12/2025,11/02/2026,06/02/2026,30/12/2025,30/12/2025,31/12/2025
5629/25,Embarque,Sumaia Schneider,ARAGUAIA,ARAGUAIA INDUSTRIA DE OLEOS E PROTEINAS S.A.,FLEXUS INTERNATIONAL S/A,Desembaraço,OCEANFREIGHT / FCL,CIP,16/04/2026,Unidade da fatura AA-014-2-A/2025 foi devolvida de acordo pelo importador.,Santos,"261495396 // 266272208 ",MAERSK LINE A/S,ALIANCA LEBLON,01/12/2025 12:00,28/11/2025,03/12/2025 12:00,02/12/2025,01/12/2025,28/11/2025,02/12/2025,08/12/2025,06/12/2025,,E2500704978,28/11/2025,25BR0022339157,07/01/2026,16/03/2026,16/03/2026,03/12/2025,03/12/2025,03/12/2025
3786/25,Embarque,Elizandra Moraes,IBRAC INDUSTRIA BRASILEIRA DE ADITIVOS E CONDIMENT,IBRAC INDUSTRIA BRASILEIRA DE ADITIVOS E CONDIMENTOS LTDA,HYPROCA C.A. RIF J410422009,Frete + Documentos + Desembaraço,OCEANFREIGHT / FCL,CIF,26/11/2025,Coleta de container em 02/10 e devolução de vazio em 07/10.,Santos,258309310,MAERSK A/S - DK,MAERSK CHACHAI,26/08/2025 12:00,26/08/2025,06/09/2025 12:00,04/09/2025,25/08/2025,26/08/2025,04/09/2025,08/09/2025,08/09/2025,,,25/08/2025,25BR0015625808,16/09/2025,30/09/2025,30/09/2025,11/09/2025,11/09/2025,12/09/2025
2091/26,Embarque,Elizandra Moraes,FABRICA - PARQUE FABRIL II,WEG EQUIPAMENTOS ELETRICOS S/A,WINSTON ENGINEERING CORPORATION PTE LTD,Frete,AIRFREIGHT,FOB,22/04/2026,Conexão IST x SIN prevista para dia 26/04 o voo TK6064.,Guarulhos,,CRAFT (SÃO PAULO) 0001-30,,,,,,,,15/04/2026,17/04/2026,22/04/2026,09/04/2026,,01/04/2026,26BR0005771593,,27/04/2026,,,,
2657/26,Embarque,Felipe Marcellino,COMODITA LEATHER,COMODITA COMERCIO DE ARTIGOS EM COURO LTDA,COMODITA LEATHER GOODS LLC,Desembaraço,AIRFREIGHT,DDP,22/04/2026,"DU-E averbada, extrato enviado por e-mail e disponível na web.",Guarulhos,,não selecionada,,,,,,,,17/04/2026,16/04/2026,17/04/2026,17/04/2026,,16/04/2026,26BR0006768359,22/04/2026,,,20/04/2026,20/04/2026,22/04/2026
2876/26,Sem etapa,Jessica Oliveira,BOLD 0001-55,BOLD S.A,CONSORCIO CAF METRO DE QUITO,Frete + Documentos + Desembaraço,OCEANFREIGHT / LCL,EXW,24/04/2026,Coleta da mercadoria agendada para 27/04 e entrega no terminal 28/04.,Santos,SS0426PA00238,ALLINK TRANSPORTES INTERNACIONAIS LTDA,MALIAKOS,27/04/2026 11:00,24/04/2026,28/04/2026 11:00,,,,,11/05/2026,,,,24/04/2026,26BR0007228382,,04/06/2026,,,,
2659/26,Sem etapa,Jessica Oliveira,BASTON AEROSSOL,BASTON INDUSTRIA DE AEROSSOIS LTDA,,Frete,OCEANFREIGHT / FCL,CIF,24/04/2026,Aguarda disponibilidade de janel em Itapoá durante a operação do navio previsto de 26/04 à 27/04.,Itapoá,EBKG16247516,LINEA SERVICOS LOGISTICOS LTDA,COPIAPO	,20/04/2026 12:00,20/04/2026,24/04/2026 12:00,24/04/2026,20/04/2026,20/04/2026,,27/04/2026,,22/04/2026,,22/04/2026,26BR0006938416,,13/06/2026,,,,
2498/26,Sem etapa,Jessica Oliveira,POLO FILMS,POLO FILMS INDUSTRIA E COMERCIO S/A,INUSTRIAS ELEGANTES SOCIEDAD ANONIMA,Desembaraço,OCEANFREIGHT / FCL,DAP,24/04/2026,Frete e Taxas de origem recebidas e pagas nesta data.,Rio Grande,36068551,AGL CARGO,LE HAVRE EXPRESS,15/04/2026 12:00,15/04/2026,17/04/2026 17:00,,15/04/2026,15/04/2026,17/04/2026,20/04/2026,21/04/2026,23/04/2026,,16/04/2026,26BR0006773832,,16/05/2026,,,,